css-1jxf684,css-175oi2r href,css-9pa8cd src,css-175oi2r href 2,css-1jxf684 2,css-1jxf684 3,css-146c3p1,css-1jxf684 4,css-146c3p1 href,css-1jxf684 5,css-175oi2r href 4,css-1jxf684 8,css-1jxf684 12
Orang,,,,,,,,,,,,
Mulyana,https://x.com/Burayot,https://pbs.twimg.com/profile_images/719133188254146561/It7xhBC4_bigger.jpg,https://x.com/Burayot,@Burayot,Ikuti,Klik untuk Ikuti Burayot,Jadilah manusia yang slalu dirindukan,,,,,
burayot,https://x.com/muhlisdeny,https://pbs.twimg.com/profile_images/378800000738612293/aa2c8eb3e8eb07bb217c19748e317c9c_bigger.jpeg,https://x.com/muhlisdeny,@muhlisdeny,Ikuti,Klik untuk Ikuti muhlisdeny,,,,,,
dadang burayot,https://x.com/dadangburayot,https://pbs.twimg.com/profile_images/1118852832499617793/x0mH8_Vw_bigger.png,https://x.com/dadangburayot,@dadangburayot,Ikuti,Klik untuk Ikuti dadangburayot,,,,,,
Lihat semua,https://x.com/search?q=burayot&src=typed_query&f=user,,,,,,,,,,,
Lala ğœ—ğœš,https://x.com/blurbewiee,https://pbs.twimg.com/profile_images/1947274149522485248/BUTRuFyn_bigger.jpg,https://x.com/blurbewiee,@blurbewiee,Â·,13 Apr,mirip,https://x.com/blurbewiee/status/1911391766458069076,burayot,https://x.com/blurbewiee/status/1911391766458069076/analytics,106,
bey à­§â¤âƒ,https://x.com/jumpingdoyie,https://pbs.twimg.com/profile_images/1957566255994646528/zThiTrlR_bigger.jpg,https://x.com/jumpingdoyie,@jumpingdoyie,Â·,8 Jul,WayV cosplay kue,https://x.com/jumpingdoyie/status/1942571804117328332,burayot,https://x.com/jumpingdoyie/status/1942571804117328332/analytics,40,
apadah,https://x.com/nyanyutgntwng_,https://pbs.twimg.com/profile_images/1938129647105196032/JeR0eDl4_bigger.jpg,https://x.com/nyanyutgntwng_,@nyanyutgntwng_,Â·,9 Feb,susah senang,https://x.com/nyanyutgntwng_/status/1888540520416415862,burayot,https://x.com/nyanyutgntwng_/status/1888540520416415862/analytics,416,pamagar
koder,https://x.com/ariesiti,https://pbs.twimg.com/profile_images/1861657252060602368/sVaIhwid_bigger.jpg,https://x.com/ariesiti,@ariesiti,Â·,16 Apr,enakan,https://x.com/ariesiti/status/1912410495107449237,burayot,https://x.com/ariesiti/status/1912410495107449237/analytics,383,mas al
nay.,https://x.com/gmnnie,https://pbs.twimg.com/profile_images/1945278815644651520/6YG6CAXf_bigger.jpg,https://x.com/gmnnie,@gmnnie,Â·,13 Jul,kenapa namanya,https://x.com/gmnnie/status/1944434173713768601,burayot,https://x.com/gmnnie/status/1944434173713768601/analytics,632,ya? padahal kata aku mah ini rasanya kayak kue ali
elpapitodeTyrex,https://x.com/papityrex8,https://pbs.twimg.com/profile_images/1813995794334453760/Jlakv0kN_bigger.jpg,https://x.com/papityrex8,@papityrex8,Â·,12 Mei,Ternyta Tolpit di Bantul jadi,https://x.com/papityrex8/status/1921759314533871916,Burayot,https://x.com/papityrex8/status/1921759314533871916/analytics,607,di Garut
devano,https://x.com/devanoooot,https://pbs.twimg.com/profile_images/1927322256310448128/bx2AYRNp_bigger.jpg,https://x.com/devanoooot,@devanoooot,Â·,1 Apr,makan,https://x.com/devanoooot/status/1906951126211293429,burayot,https://x.com/devanoooot/status/1906951126211293429/analytics,685,â€¦.
runa,https://x.com/yaownzzn,https://pbs.twimg.com/profile_images/1952800217830432768/1flx51X6_bigger.jpg,https://x.com/yaownzzn,@yaownzzn,Â·,2 Apr,baru nyobain getuk goreng.... enak banget.... seperti,https://x.com/yaownzzn/status/1907145785638314421,burayot,https://x.com/yaownzzn/status/1907145785638314421/analytics,143,dan ali agrem... i love gula aren... i love gula jawa... enak banget legit...
Bukan Usagi Tsukino,https://x.com/kelinciusagi,https://pbs.twimg.com/profile_images/1945105756853780480/tkzpQR03_bigger.jpg,https://x.com/kelinciusagi,@kelinciusagi,Â·,28 Jun,Finally nemu,https://x.com/kelinciusagi/status/1938854492004589654,burayot,https://x.com/kelinciusagi/status/1938854492004589654/analytics,122,lagi
riku,https://x.com/laufdelauvre,https://pbs.twimg.com/profile_images/1943008177110626304/0GEM66Wm_bigger.jpg,https://x.com/laufdelauvre,@laufdelauvre,Â·,26 Jun,padahal biji mereka jg turun kaga ada tuh yg protes harus kenceng ga boleh kaya,https://x.com/laufdelauvre/status/1938045094751572177,burayot,https://x.com/laufdelauvre/status/1938045094751572177/analytics,78Â rb,
IbunyaHira,https://x.com/malagreta,https://pbs.twimg.com/profile_images/1926101496183029760/vX7qx_A0_bigger.jpg,https://x.com/malagreta,@malagreta,Â·,12 Mei,"Bahagia itu kita yang buat, sebanyak apapun masalah... Skala prioritas solusi terbaik dengan tetap memohon kepada Allah",https://x.com/malagreta/status/1921721218949902639,burayot,https://x.com/malagreta/status/1921721218949902639/analytics,212,Ada yang mau
BANDUNG FESS | Kirim menfess gratis cek,https://x.com/BaseBDG,https://pbs.twimg.com/profile_images/1609581311093522432/apCeXFfV_bigger.jpg,https://x.com/BaseBDG,@BaseBDG,Â·,19 Jul,"Lamun pake jenis kue khas sunda kieu meren nya euy ""gimana kabarnya hari ini,",https://x.com/BaseBDG/status/1946540505635905828,burayot,https://x.com/BaseBDG/status/1946540505635905828/analytics,24Â rb,giung-ku
,https://x.com/jongcincaryo,https://pbs.twimg.com/profile_images/1952755582047506433/LHIjGWSU_bigger.jpg,https://x.com/jongcincaryo,@jongcincaryo,Â·,19 Mar,Fomo nyobain kue burayotnya (orang tiktok ada yg nyebut ini,https://x.com/jongcincaryo/status/1902359164518793296,burayot,https://x.com/jongcincaryo/status/1902359164518793296/analytics,251,fwak
NAMA TIDAK BOLEH KOSONG,https://x.com/ndraperkasa,https://pbs.twimg.com/profile_images/1944974243768492037/38-YdH_X_bigger.jpg,https://x.com/ndraperkasa,@ndraperkasa,Â·,12 Jul,Mamingan di kadungora disuguhin,https://x.com/ndraperkasa/status/1944013641604640855,burayot,https://x.com/ndraperkasa/status/1944013641604640855/analytics,141,sambil nonton PJ lawan SM
Jabar Tourism,https://x.com/jabartourism_id,https://pbs.twimg.com/profile_images/1803644385667719170/Jrr3SglC_bigger.jpg,https://x.com/jabartourism_id,@jabartourism_id,Â·,20 Jun,", Si Manis Tradisional dari Garut yang Menggoda Lidah dan Penuh Cerita",https://x.com/jabartourism_id/status/1936055686741520875,Burayot,https://x.com/jabartourism_id/status/1936055686741520875/analytics,15,
Q0RÃ¬,https://x.com/lu0chaa,https://pbs.twimg.com/profile_images/1438780525406142467/pNqDLsyf_bigger.jpg,https://x.com/lu0chaa,@lu0chaa,Â·,1 Agt,Ada ada aja njir tbtb ngidam,https://x.com/lu0chaa/status/1951257406484176971,burayot,https://x.com/lu0chaa/status/1951257406484176971/analytics,171,"padahal baru pernah makan sekali dan sebiji lalu tbtb pengen. 

Di kotaku ga nemu pula toko yg jual, cari cari di ig bisa di kirim pxel tp bbrapa hari baru sampe, sdgkan pengennya skrg. 
Bela - belain titip ke travel dong"
naspad,https://x.com/deeswep,https://pbs.twimg.com/profile_images/1942634160016830465/DLKhjXNK_bigger.jpg,https://x.com/deeswep,@deeswep,Â·,3 Agt,enak bejiel,https://x.com/deeswep/status/1951795999359545721,burayot,https://x.com/deeswep/status/1951795999359545721/analytics,22,
ìœ¨ë¦¬ì•„ì•„ì•„ì•„ì•„~,https://x.com/shflyy3424,https://pbs.twimg.com/profile_images/1848220212308709376/P64Z-yP-_bigger.jpg,https://x.com/shflyy3424,@shflyy3424,Â·,30 Jul,Makanan keduamu setelah huru hara hari ini,https://x.com/shflyy3424/status/1950543279801692204,burayot,https://x.com/shflyy3424/status/1950543279801692204/analytics,51,(Yg pertama
INU NUGRAHA,https://x.com/nugraha_inu,https://pbs.twimg.com/profile_images/761038706585108480/virti0Xk_bigger.jpg,https://x.com/nugraha_inu,@nugraha_inu,Â·,12 Jul,Asal kitu ge.. ada,https://x.com/nugraha_inu/status/1944020034076258404,#burayot,https://x.com/nugraha_inu/status/1944020034076258404/analytics,18,
ğ‚ğšğ¤ ğƒğğğ©,https://x.com/CakD3pp,https://pbs.twimg.com/profile_images/1957034194426810369/YF8gcC9r_bigger.jpg,https://x.com/CakD3pp,@CakD3pp,Â·,5 Jan,"kenapa kok namanya serba kont*l kalau kont*l kambing sih mulai dulu sdh ada, kok tdk namanya misal Terong kejepit gitu.
nah ini malah kont*l kejepit, apa gak kesemutan ,kalau gowes biasa sih kejepit gringgingen",https://x.com/CakD3pp/status/1875739744719794187,burayot,https://x.com/CakD3pp/status/1875739744719794187/analytics,863,", sapa nih yg tinggal digarut bisa crita dong.
("
fellys,https://x.com/haefelicity,https://pbs.twimg.com/profile_images/1868259400806457344/5PM9yj5-_bigger.jpg,https://x.com/haefelicity,@haefelicity,Â·,27 Mei,tiap hari cmn debat bahas canele rasanya mirip,https://x.com/haefelicity/status/1927195434545480178,burayot,https://x.com/haefelicity/status/1927195434545480178/analytics,29,atau kue cucur sm sepupuku... padahal sama jir
H,https://x.com/sajabarvillains,https://pbs.twimg.com/profile_images/1925164164793905153/3MQl8BtL_bigger.jpg,https://x.com/sajabarvillains,@sajabarvillains,Â·,18 Agt,Dasar,https://x.com/sajabarvillains/status/1957316148372132222,burayot,https://x.com/sajabarvillains/status/1957316148372132222/analytics,17,
Riswanto 1983,https://x.com/1983Riswan35363,https://pbs.twimg.com/profile_images/1908090569244729344/YF_QnEUz_bigger.jpg,https://x.com/1983Riswan35363,@1983Riswan35363,Â·,11 Jun,simadu cemilan tradisional legendaris tol pit kontol kejepit,https://x.com/1983Riswan35363/status/1932597415137386969,Burayot,https://x.com/1983Riswan35363/status/1932597415137386969/analytics,17,
Isvvara,https://x.com/sheldaiswr,https://pbs.twimg.com/profile_images/1812094473733545984/W920VDZ0_bigger.jpg,https://x.com/sheldaiswr,@sheldaiswr,Â·,17 Mei,Ohh,https://x.com/sheldaiswr/status/1923686918023499799,burayot,https://x.com/sheldaiswr/status/1923686918023499799/analytics,31,tuh kue ali aih beda bentuk aee wkwk
ğ‰ğ¨hğ§ ğ‹ğğ ğ“ğ¨ğ² (,https://x.com/JohnMetaxX,https://pbs.twimg.com/profile_images/1947400221606219777/ypUalGpy_bigger.jpg,https://x.com/JohnMetaxX,@JohnMetaxX,Â·,3 Agt,),https://x.com/JohnMetaxX/status/1951999397824446601,Burayot,https://x.com/JohnMetaxX/status/1951999397824446601/analytics,64,
mut,https://x.com/0PSH8,https://pbs.twimg.com/profile_images/1954042412139261953/MU5ZG_Jt_bigger.jpg,https://x.com/0PSH8,@0PSH8,Â·,13 Mar,"gw semenjak baca komen ""berarti canele rasanya mirip",https://x.com/0PSH8/status/1900130651426222477,burayot,https://x.com/0PSH8/status/1900130651426222477/analytics,145Â rb,"ya?"" jadi pen ketawa terus tiap liat wjhdjsj"
bil,https://x.com/cestbiletoi,https://pbs.twimg.com/profile_images/1939847039636185091/mc2RBXzU_bigger.jpg,https://x.com/cestbiletoi,@cestbiletoi,Â·,10 Apr,"HAHAH DEMI ALLAH LUCU BANGET,",https://x.com/cestbiletoi/status/1910340273303109899,BURAYOT,https://x.com/cestbiletoi/status/1910340273303109899/analytics,121,NOH GARUT
jya,https://x.com/gguktev,https://pbs.twimg.com/profile_images/1885176422937092099/qLUAIqHt_bigger.jpg,https://x.com/gguktev,@gguktev,Â·,25 Mar,kesel bgt liat nya mirip kue,https://x.com/gguktev/status/1904540228913913909,burayot,https://x.com/gguktev/status/1904540228913913909/analytics,15,
rforrawrr,https://x.com/R3q1t4w1j4y444,https://pbs.twimg.com/profile_images/1755260014321971200/HVeNDDhv_bigger.jpg,https://x.com/R3q1t4w1j4y444,@R3q1t4w1j4y444,Â·,21 Jul,,https://x.com/R3q1t4w1j4y444/status/1947136417945268452,BURAYOT,https://x.com/R3q1t4w1j4y444/status/1947136417945268452/analytics,14,
kayin âª©âª¨ï¸,https://x.com/huhkayin,https://pbs.twimg.com/profile_images/1832388647644995584/h0OlMHPo_bigger.jpg,https://x.com/huhkayin,@huhkayin,Â·,26 Apr,first time nyobain,https://x.com/huhkayin/status/1915935874552107134,burayot,https://x.com/huhkayin/status/1915935874552107134/analytics,83,", inimah kue cincin cuma beda bentuk doang bjir"
ê¦¥ê¦ºê¦ªê¦³ê§€,https://x.com/nocturnews,https://pbs.twimg.com/profile_images/1955798463066857472/AD53OIHH_bigger.jpg,https://x.com/nocturnews,@nocturnews,Â·,12 Agt,Tolong infokan,https://x.com/nocturnews/status/1955127533025833352,Burayot,https://x.com/nocturnews/status/1955127533025833352/analytics,45,di sekitaran Jakarta
adel,https://x.com/ecaballuss,https://pbs.twimg.com/profile_images/1850866919899025408/FCbJE-aF_bigger.jpg,https://x.com/ecaballuss,@ecaballuss,Â·,4 Feb,ini mah,https://x.com/ecaballuss/status/1886622104390656303,burayot,https://x.com/ecaballuss/status/1886622104390656303/analytics,22,
yer || ia sibuk gawe,https://x.com/aventuriim,https://pbs.twimg.com/profile_images/1877312116975349762/PNm37CPI_bigger.jpg,https://x.com/aventuriim,@aventuriim,Â·,30 Des 2024,oomf apakah ada yg suka,https://x.com/aventuriim/status/1873652188486266954,burayot,https://x.com/aventuriim/status/1873652188486266954/analytics,74,"juga? aku suka tp minyaknya banyak bener dan kadang ada yg isiannya manis banget jd eneg, tiap makan cuma bisa makan beberapa biji aja"
tata,https://x.com/hwistoria,https://pbs.twimg.com/profile_images/1951846868482490368/Rzr37-aA_bigger.jpg,https://x.com/hwistoria,@hwistoria,Â·,4 Mei,enak juga yaw,https://x.com/hwistoria/status/1918991154298618130,Burayot,https://x.com/hwistoria/status/1918991154298618130/analytics,135,
n,https://x.com/giarbieyo,https://pbs.twimg.com/profile_images/1867198529921540096/28NotYiu_bigger.jpg,https://x.com/giarbieyo,@giarbieyo,Â·,15 Jun,"knp semua bungu suka kue cincin,",https://x.com/giarbieyo/status/1934229711179407866,burayot,https://x.com/giarbieyo/status/1934229711179407866/analytics,23,dan sejenisnya
mami cimol,https://x.com/kembarannyabora,https://pbs.twimg.com/profile_images/1862160183553605632/7f1_oaCj_bigger.jpg,https://x.com/kembarannyabora,@kembarannyabora,Â·,5 Jan,"sini ke garut, ntar main ke cipanas atau darajat pass buat berendam air hangat (bkn belerang) trs nginep di samarang di daerah kebun mawar, cakep bgtttt
trs nyobain cimol bojot,",https://x.com/kembarannyabora/status/1875743823726559615,burayot,https://x.com/kembarannyabora/status/1875743823726559615/analytics,26Â rb,", dodol, dorokdok"
,https://x.com/tutuppxntu,https://pbs.twimg.com/profile_images/1957042627997810688/FKXvqFRy_bigger.jpg,https://x.com/tutuppxntu,@tutuppxntu,Â·,3 Mei,"Pen ikut utbk lg deh tpi mls bljrny, ap nyiapin cpns aj yh, tpi cita2ku krja di luarnergi, digaji usd, lalu mndptkn suami bule, mnjadi diaspora songong, dn buat channel yutup dgn konten vid â€œreaksi suami bule prtama kali makan",https://x.com/tutuppxntu/status/1918378507782242527,burayot,https://x.com/tutuppxntu/status/1918378507782242527/analytics,22,â€.
cher #ğ™ğ˜¼ğ™ğ™ğ™€,https://x.com/jjopoong,https://pbs.twimg.com/profile_images/1957621518667792384/mJHzycxN_bigger.jpg,https://x.com/jjopoong,@jjopoong,Â·,19 Mei,ternyata,https://x.com/jjopoong/status/1924423669025243548,burayot,https://x.com/jjopoong/status/1924423669025243548/analytics,34,seenak itu ya
:/,https://x.com/cilparamore,https://pbs.twimg.com/profile_images/1927057333005246464/Qmg_3Mtj_bigger.jpg,https://x.com/cilparamore,@cilparamore,Â·,16 Mar,canelle rasa yg bagian luarnya ril kek,https://x.com/cilparamore/status/1901280574251384833,burayot,https://x.com/cilparamore/status/1901280574251384833/analytics,29,kah?
MBL,https://x.com/mamangbulu,https://pbs.twimg.com/profile_images/1956027100143734784/aK6d2zbo_bigger.jpg,https://x.com/mamangbulu,@mamangbulu,Â·,25 Des 2024,yang lagi nge-hits di kota,https://x.com/mamangbulu/status/1871796080238903592,Burayot,https://x.com/mamangbulu/status/1871796080238903592/analytics,425,
,https://x.com/ngombeaqua,https://pbs.twimg.com/profile_images/1951309084000657408/z2DDsO2Y_bigger.jpg,https://x.com/ngombeaqua,@ngombeaqua,Â·,27 Jun,pls ak kebelet berak trus berenti di indomaret katanya toiletnya dikunci trus ke mesjid PENUH BGT JUMATAN GABISA LEWAT trus akhirnya numpang di jual,https://x.com/ngombeaqua/status/1938465497009557862,burayot,https://x.com/ngombeaqua/status/1938465497009557862/analytics,114,
MakiRoll,https://x.com/Schl1erenzauer,https://pbs.twimg.com/profile_images/1567927782273089543/RqDyZe_R_bigger.jpg,https://x.com/Schl1erenzauer,@Schl1erenzauer,Â·,5 Agt,,https://x.com/Schl1erenzauer/status/1952751084260536332,burayot,https://x.com/Schl1erenzauer/status/1952751084260536332/analytics,16,
verge of utopia,https://x.com/flouritetuesday,https://pbs.twimg.com/profile_images/1944070440864870400/R-00by32_bigger.jpg,https://x.com/flouritetuesday,@flouritetuesday,Â·,9 Apr,giung pisan,https://x.com/flouritetuesday/status/1909812266935238806,Burayot,https://x.com/flouritetuesday/status/1909812266935238806/analytics,16,
Fajar,https://x.com/zeronol0,https://pbs.twimg.com/profile_images/1876774355159687168/5bbJLjPt_bigger.jpg,https://x.com/zeronol0,@zeronol0,Â·,18 Mar,dagunya kek,https://x.com/zeronol0/status/1901993564478869737,burayot,https://x.com/zeronol0/status/1901993564478869737/analytics,39,
piwËš à¼˜,https://x.com/punyaupi,https://pbs.twimg.com/profile_images/1921123767008587782/DLohQ_L4_bigger.jpg,https://x.com/punyaupi,@punyaupi,Â·,13 Mar,luaran menurutku aga mirip tekstur,https://x.com/punyaupi/status/1900193410793037971,burayot,https://x.com/punyaupi/status/1900193410793037971/analytics,139,"atau cucur yg kering, dalemnya aga mirip martabak"
wdy,https://x.com/wind_kjh,https://pbs.twimg.com/profile_images/1890693540994564096/ZpO2-2HF_bigger.jpg,https://x.com/wind_kjh,@wind_kjh,Â·,18 Feb,ini mah,https://x.com/wind_kjh/status/1891846903530394044,burayot,https://x.com/wind_kjh/status/1891846903530394044/analytics,58,gak sih
jynÂ¡â˜†,https://x.com/yumseokies,https://pbs.twimg.com/profile_images/1935712129664851968/hfn97_vy_bigger.jpg,https://x.com/yumseokies,@yumseokies,Â·,26 Apr,sampe skrng kalo liat atau denger kata,https://x.com/yumseokies/status/1915852616946618543,burayot,https://x.com/yumseokies/status/1915852616946618543/analytics,34,gue masih cekikikan gara-gara si bagas anjg
,https://x.com/helmkumbang,https://pbs.twimg.com/profile_images/1897826313416982533/ocRy73u6_bigger.jpg,https://x.com/helmkumbang,@helmkumbang,Â·,9 Mar,"Lg kepikiran, aneh gk sih gue kerja di jakarta tapi oleh oleh mudikny",https://x.com/helmkumbang/status/1898766708619485273,burayot,https://x.com/helmkumbang/status/1898766708619485273/analytics,65,
vodka,https://x.com/voidloka,https://pbs.twimg.com/profile_images/1957652741419069440/ndMd3VRk_bigger.jpg,https://x.com/voidloka,@voidloka,Â·,12 Mei,Bedanya yang gede sama yang kecil apa?,https://x.com/voidloka/status/1921911371886694464,burayot,https://x.com/voidloka/status/1921911371886694464/analytics,62,sama aja. Sama sama gundal gandul
,https://x.com/helmkumbang,https://pbs.twimg.com/profile_images/1897826313416982533/ocRy73u6_bigger.jpg,https://x.com/helmkumbang,@helmkumbang,Â·,9 Mar,"Lg kepikiran, aneh gk sih gue kerja di jakarta tapi oleh oleh mudikny",https://x.com/helmkumbang/status/1898766708619485273,burayot,https://x.com/helmkumbang/status/1898766708619485273/analytics,65,
jepe.,https://x.com/motojepe,https://pbs.twimg.com/profile_images/1952364867069038592/Lb7ewvIJ_bigger.jpg,https://x.com/motojepe,@motojepe,Â·,22 Mei,", enak sihhh",https://x.com/motojepe/status/1925521401454502141,Burayot,https://x.com/motojepe/status/1925521401454502141/analytics,66,
aira,https://x.com/mansaerrr_,https://pbs.twimg.com/profile_images/1677703124184862722/U_gi9USX_bigger.jpg,https://x.com/mansaerrr_,@mansaerrr_,Â·,19 Apr,enak bgttt kaget,https://x.com/mansaerrr_/status/1913630465858408608,burayot,https://x.com/mansaerrr_/status/1913630465858408608/analytics,49,
Neka,https://x.com/Isman_Kadarusna,https://pbs.twimg.com/profile_images/1812352449446830080/hhWJIbOd_bigger.jpg,https://x.com/Isman_Kadarusna,@Isman_Kadarusna,Â·,30 Apr,Kata dedek virgi kamu suka,https://x.com/Isman_Kadarusna/status/1917591152108396716,burayot,https://x.com/Isman_Kadarusna/status/1917591152108396716/analytics,13,yah?
(Ki)Ran,https://x.com/ranlovetobeyis,https://pbs.twimg.com/profile_images/1948029085361557504/q9GhHZnk_bigger.jpg,https://x.com/ranlovetobeyis,@ranlovetobeyis,Â·,4 Apr,lu tau,https://x.com/ranlovetobeyis/status/1908164956358574499,burayot,https://x.com/ranlovetobeyis/status/1908164956358574499/analytics,43,", namanya di ganti ama adek gua jadi gembrot"
,https://x.com/helmkumbang,https://pbs.twimg.com/profile_images/1897826313416982533/ocRy73u6_bigger.jpg,https://x.com/helmkumbang,@helmkumbang,Â·,9 Mar,"Lg kepikiran, aneh gk sih gue kerja di jakarta tapi oleh oleh mudikny",https://x.com/helmkumbang/status/1898766708619485273,burayot,https://x.com/helmkumbang/status/1898766708619485273/analytics,65,
m!llo,https://x.com/noireublanc,https://pbs.twimg.com/profile_images/1955823460544077829/PZOEz6la_bigger.jpg,https://x.com/noireublanc,@noireublanc,Â·,6 Mar,"""selamat pagi",https://x.com/noireublanc/status/1897477716561289683,burayot,https://x.com/noireublanc/status/1897477716561289683/analytics,79,", semangat beraktivitas."""
Haechi,https://x.com/oreuchimaru,https://pbs.twimg.com/profile_images/1836008935431757824/2ggb98T__bigger.jpg,https://x.com/oreuchimaru,@oreuchimaru,Â·,3 Apr,"nama makanannya juga lucu2

kek apa dah: jangjang, cipak koceak, cirambay, cimol bojot, goyobod,",https://x.com/oreuchimaru/status/1907603915769786623,burayot,https://x.com/oreuchimaru/status/1907603915769786623/analytics,228,
binar,https://x.com/bestppleverr,https://pbs.twimg.com/profile_images/1550267576894509056/D1e7hAkf_bigger.jpg,https://x.com/bestppleverr,@bestppleverr,Â·,11 Mei,"ternyata kek cucur gtuu, tapi teksturnya lebih kasarr. Nyamnyam!!!",https://x.com/bestppleverr/status/1921567483430871490,Burayot,https://x.com/bestppleverr/status/1921567483430871490/analytics,402,
suki-ah,https://x.com/gocrenggs,https://pbs.twimg.com/profile_images/1897646983294447616/PhSozhHS_bigger.jpg,https://x.com/gocrenggs,@gocrenggs,Â·,14 Mei,,https://x.com/gocrenggs/status/1922509121326137584,burayot,https://x.com/gocrenggs/status/1922509121326137584/analytics,131,
caa,https://x.com/jjonginb,https://pbs.twimg.com/profile_images/1929917078510940163/rUNtZesm_bigger.jpg,https://x.com/jjonginb,@jjonginb,Â·,10 Mar,"enak bgt, udah lama gak makan",https://x.com/jjonginb/status/1898991516707955122,burayot,https://x.com/jjonginb/status/1898991516707955122/analytics,37,
upita,https://x.com/uttrw_,https://pbs.twimg.com/profile_images/1633423280165261312/v_T5HNwz_bigger.jpg,https://x.com/uttrw_,@uttrw_,Â·,14 Mar,,https://x.com/uttrw_/status/1900534091768012802,Burayot,https://x.com/uttrw_/status/1900534091768012802/analytics,49,
caa,https://x.com/jjonginb,https://pbs.twimg.com/profile_images/1929917078510940163/rUNtZesm_bigger.jpg,https://x.com/jjonginb,@jjonginb,Â·,10 Mar,"enak bgt, udah lama gak makan",https://x.com/jjonginb/status/1898991516707955122,burayot,https://x.com/jjonginb/status/1898991516707955122/analytics,37,
Vannaaâ· saw hobi,https://x.com/hopetchx_,https://pbs.twimg.com/profile_images/1795475566067679232/oCWj_-9X_bigger.jpg,https://x.com/hopetchx_,@hopetchx_,Â·,4 Jan,Siapa mau,https://x.com/hopetchx_/status/1875461706782326816,burayot,https://x.com/hopetchx_/status/1875461706782326816/analytics,230,
bams,https://x.com/kernetPatasAC,https://pbs.twimg.com/profile_images/1948320990393757697/kbCf_HSK_bigger.jpg,https://x.com/kernetPatasAC,@kernetPatasAC,Â·,10 Des 2024,", just a",https://x.com/kernetPatasAC/status/1866373477525250546,burayot,https://x.com/kernetPatasAC/status/1866373477525250546/analytics,72,
caa,https://x.com/jjonginb,https://pbs.twimg.com/profile_images/1929917078510940163/rUNtZesm_bigger.jpg,https://x.com/jjonginb,@jjonginb,Â·,10 Mar,"enak bgt, udah lama gak makan",https://x.com/jjonginb/status/1898991516707955122,burayot,https://x.com/jjonginb/status/1898991516707955122/analytics,37,
pepeskucing,https://x.com/Lilcardamon,https://pbs.twimg.com/profile_images/1940988362828980224/q4gTYKlM_bigger.jpg,https://x.com/Lilcardamon,@Lilcardamon,Â·,26 Apr,canelle itu kyk,https://x.com/Lilcardamon/status/1915935674924253300,burayot,https://x.com/Lilcardamon/status/1915935674924253300/analytics,26,tp lebih padet gasih
dul,https://x.com/miripijonk,https://pbs.twimg.com/profile_images/1708036798453297152/5w4IxOQy_bigger.jpg,https://x.com/miripijonk,@miripijonk,Â·,16 Agt,aduh pengen banget makan,https://x.com/miripijonk/status/1956672941980303811,burayot,https://x.com/miripijonk/status/1956672941980303811/analytics,74,anyg makanan lucu bentuknya kayak peler
ÏÎ¹ĞºÑ•Î¹,https://x.com/vixcycaixie,https://pbs.twimg.com/profile_images/1957752830460309504/V89sF6gC_bigger.jpg,https://x.com/vixcycaixie,@vixcycaixie,Â·,7 Feb,â€œngajien,https://x.com/vixcycaixie/status/1887899152287449089,burayot,https://x.com/vixcycaixie/status/1887899152287449089/analytics,35,â€ HAHAHAHAHAHAH SIAPA ITU YANG BILANG
X_dame19,https://x.com/Dame19X,https://pbs.twimg.com/profile_images/1559889846604156928/Aa2LHwgc_bigger.jpg,https://x.com/Dame19X,@Dame19X,Â·,24 Mar,"Aku nemu promo menarik di Lazada nih. Yuk coba lihat!
Nama Produk:  Kue",https://x.com/Dame19X/status/1904110246567530547,BURAYOT,https://x.com/Dame19X/status/1904110246567530547/analytics,16,"Simadu Gula Box isi 20 Pcs | Cemilan makanan ringan | Jajanan Snack | HALAL | COD | Buatan Lokal
Harga Produk:  Rp60.000
Harga Diskon:  Rp46.011"
bYy Thingy. app n top up,https://x.com/BLouvree,https://pbs.twimg.com/profile_images/1945671885909372928/K6dCI7uh_bigger.jpg,https://x.com/BLouvree,@BLouvree,Â·,19 Mei,,https://x.com/BLouvree/status/1924428321775120593,burayot,https://x.com/BLouvree/status/1924428321775120593/analytics,271,
,https://x.com/Kafkaesqueery,https://pbs.twimg.com/profile_images/1951430217735741443/GHcEj6Bz_bigger.jpg,https://x.com/Kafkaesqueery,@Kafkaesqueery,Â·,5 Apr,simadu (ngaburayot),https://x.com/Kafkaesqueery/status/1908250233777381726,Burayot,https://x.com/Kafkaesqueery/status/1908250233777381726/analytics,99,
Cassa,https://x.com/musmidlover,https://pbs.twimg.com/profile_images/1920762510598434819/ffr9o5vQ_bigger.jpg,https://x.com/musmidlover,@musmidlover,Â·,20 Jul,Apa kabar,https://x.com/musmidlover/status/1946842332340601261,burayot,https://x.com/musmidlover/status/1946842332340601261/analytics,35,giungku
naru,https://x.com/meowhiro_,https://pbs.twimg.com/profile_images/1760665437980037120/4QR_N4O1_bigger.jpg,https://x.com/meowhiro_,@meowhiro_,Â·,18 Feb,siga,https://x.com/meowhiro_/status/1891842968803275224,burayot,https://x.com/meowhiro_/status/1891842968803275224/analytics,56,ieu mah
Najmm,https://x.com/Najmitarsidin,https://pbs.twimg.com/profile_images/1655187120041115654/g5cX30fV_bigger.jpg,https://x.com/Najmitarsidin,@Najmitarsidin,Â·,29 Mar,Ali agrem tuh,https://x.com/Najmitarsidin/status/1905950219982041127,burayot,https://x.com/Najmitarsidin/status/1905950219982041127/analytics,95,"juga, beda bentuk aja"
ğ–ºğ—€ğ–ºğ—ğ–º,https://x.com/_reginagata_,https://pbs.twimg.com/profile_images/1954546438744248320/y18gCjZ8_bigger.jpg,https://x.com/_reginagata_,@_reginagata_,Â·,3 Feb,"-Garut
Tp kata Mamak aku ini namanya Tolpit ges",https://x.com/_reginagata_/status/1886456945068138610,Burayot,https://x.com/_reginagata_/status/1886456945068138610/analytics,126,
rai,https://x.com/th0tgetic,https://pbs.twimg.com/profile_images/1926243416792346624/ymzCTQMf_bigger.jpg,https://x.com/th0tgetic,@th0tgetic,Â·,31 Mei,pengen coba tolpit alias,https://x.com/th0tgetic/status/1928683560619192554,burayot,https://x.com/th0tgetic/status/1928683560619192554/analytics,169,
Taksa,https://x.com/Ixiyaxz,https://pbs.twimg.com/profile_images/1957423798887788544/5l4zcXwr_bigger.jpg,https://x.com/Ixiyaxz,@Ixiyaxz,Â·,1 Jul,Dari garut bukanya bawa,https://x.com/Ixiyaxz/status/1940064151898095886,burayot,https://x.com/Ixiyaxz/status/1940064151898095886/analytics,135,malah bawa breakout di muka. Nice
Jaemin.,https://x.com/JAEMINonline,https://pbs.twimg.com/profile_images/1954708073513385984/5FYD7_Hg_bigger.jpg,https://x.com/JAEMINonline,@JAEMINonline,Â·,15 Apr,"Gemblong apaan nun, saya taunya",https://x.com/JAEMINonline/status/1912130109852762476,burayot,https://x.com/JAEMINonline/status/1912130109852762476/analytics,104,
eciel,https://x.com/exceedies,https://pbs.twimg.com/profile_images/1957788472129007616/Ls3Qy2VZ_bigger.jpg,https://x.com/exceedies,@exceedies,Â·,10 Mar,"Ih tapi aku suka ini, kalau abis dari garut pasti beti kon-",https://x.com/exceedies/status/1898882174205784197,burayot,https://x.com/exceedies/status/1898882174205784197/analytics,53,maksudnya.
ã‚µãƒœãƒ†ãƒ³,https://x.com/ceokimwife,https://pbs.twimg.com/profile_images/1470752135679672322/xcq4pEBs_bigger.jpg,https://x.com/ceokimwife,@ceokimwife,Â·,13 Mar,,https://x.com/ceokimwife/status/1900227210054914151,BURAYOT,https://x.com/ceokimwife/status/1900227210054914151/analytics,80,
Hiu,https://x.com/Hiugundul,https://pbs.twimg.com/profile_images/1886016788212658176/XE1zxkyp_bigger.jpg,https://x.com/Hiugundul,@Hiugundul,Â·,6 Mei,,https://x.com/Hiugundul/status/1919624147161804958,Burayot,https://x.com/Hiugundul/status/1919624147161804958/analytics,24,
eciel,https://x.com/exceedies,https://pbs.twimg.com/profile_images/1957788472129007616/Ls3Qy2VZ_bigger.jpg,https://x.com/exceedies,@exceedies,Â·,10 Mar,"Ih tapi aku suka ini, kalau abis dari garut pasti beti kon-",https://x.com/exceedies/status/1898882174205784197,burayot,https://x.com/exceedies/status/1898882174205784197/analytics,53,maksudnya.
"where to go, aoife?",https://x.com/xyberya,https://pbs.twimg.com/profile_images/1798883754548813824/ErzkX6hZ_bigger.jpg,https://x.com/xyberya,@xyberya,Â·,5 Jan,"jangan mlyt jangan mlyt jangan mlyt...

gue bukan",https://x.com/xyberya/status/1875891413856239880,burayot,https://x.com/xyberya/status/1875891413856239880/analytics,35,
hari,https://x.com/bumiruwet,https://pbs.twimg.com/profile_images/1798305738978459648/4HxsEOkA_bigger.jpg,https://x.com/bumiruwet,@bumiruwet,Â·,10 Apr,", kue tradisional khas mana?",https://x.com/bumiruwet/status/1910314318458986951,Burayot,https://x.com/bumiruwet/status/1910314318458986951/analytics,501,
,https://x.com/carapherneliast,https://pbs.twimg.com/profile_images/1956731284656705536/QLRN58sG_bigger.jpg,https://x.com/carapherneliast,@carapherneliast,Â·,25 Mar,"Pas kecil cita2ku pengen jadi pelukis atau tukang gambar, pas udah jadi tukang gambar aku malah pengen jadi tukang kue. Nanti kl udah jadi tukang kueh lalu ingin menjdi",https://x.com/carapherneliast/status/1904517908254147006,burayot,https://x.com/carapherneliast/status/1904517908254147006/analytics,50,
X_dame19,https://x.com/Dame19X,https://pbs.twimg.com/profile_images/1559889846604156928/Aa2LHwgc_bigger.jpg,https://x.com/Dame19X,@Dame19X,Â·,24 Mar,"Aku nemu promo menarik di Lazada nih. Yuk coba lihat!
Nama Produk:  COD",https://x.com/Dame19X/status/1904109623256502553,Burayot,https://x.com/Dame19X/status/1904109623256502553/analytics,9,"Simadu 20pcs halal Kue Sus Kering Isi Gula Aren lumer 30 gr Enak Murah Oleh-oleh Tradisional
Harga Produk:  Rp43.991
Harga Diskon:  Rp40.111"
eciel,https://x.com/exceedies,https://pbs.twimg.com/profile_images/1957788472129007616/Ls3Qy2VZ_bigger.jpg,https://x.com/exceedies,@exceedies,Â·,10 Mar,"Ih tapi aku suka ini, kalau abis dari garut pasti beti kon-",https://x.com/exceedies/status/1898882174205784197,burayot,https://x.com/exceedies/status/1898882174205784197/analytics,53,maksudnya.
ğ“iti,https://x.com/apfelcalypse,https://pbs.twimg.com/profile_images/1920403534056435712/BfUJpmev_bigger.jpg,https://x.com/apfelcalypse,@apfelcalypse,Â·,9 Mar,"tuh rasanya kek gimana sih guys? Kepooo, tp di daerah ku g ada yg jual",https://x.com/apfelcalypse/status/1898733070792221088,Burayot,https://x.com/apfelcalypse/status/1898733070792221088/analytics,35,
nuraaÙ à£ªâ­‘,https://x.com/moochisseo,https://pbs.twimg.com/profile_images/1954001705143828480/k6TblmLt_bigger.jpg,https://x.com/moochisseo,@moochisseo,Â·,14 Mar,Smpe skrg masih penasaran rasanya,https://x.com/moochisseo/status/1900234260096967034,burayot,https://x.com/moochisseo/status/1900234260096967034/analytics,78,kek gmn krn blum smpet nyobain trs
literally not ida,https://x.com/mabuksianida,https://pbs.twimg.com/profile_images/1868589390081171456/mHoxqWQF_bigger.jpg,https://x.com/mabuksianida,@mabuksianida,Â·,3 Des 2024,pengen,https://x.com/mabuksianida/status/1863868501641023663,burayot,https://x.com/mabuksianida/status/1863868501641023663/analytics,187,
bYy Thingy. app n top up,https://x.com/BLouvree,https://pbs.twimg.com/profile_images/1945671885909372928/K6dCI7uh_bigger.jpg,https://x.com/BLouvree,@BLouvree,Â·,8 Mei,,https://x.com/BLouvree/status/1920485519596879907,burayot,https://x.com/BLouvree/status/1920485519596879907/analytics,246,
Mbak Hayu,https://x.com/mbakhayu,https://pbs.twimg.com/profile_images/1810203715082866689/JAKkHZo5_bigger.jpg,https://x.com/mbakhayu,@mbakhayu,Â·,13 Mar,Ketawa banget ada yang bilang rasanya mirip,https://x.com/mbakhayu/status/1900137926367076489,burayot,https://x.com/mbakhayu/status/1900137926367076489/analytics,411,
jejayjo.,https://x.com/esvizeo,https://pbs.twimg.com/profile_images/1795987371009380352/gtYlCg1e_bigger.jpg,https://x.com/esvizeo,@esvizeo,Â·,13 Mar,FAK,https://x.com/esvizeo/status/1900190118595747966,BURAYOT,https://x.com/esvizeo/status/1900190118595747966/analytics,17,
petitie,https://x.com/tetetlovers,https://pbs.twimg.com/profile_images/1889246905039020032/ZjO8Abib_bigger.jpg,https://x.com/tetetlovers,@tetetlovers,Â·,3 Apr,Ulukuteuk leunca and,https://x.com/tetetlovers/status/1907628074520420443,burayot,https://x.com/tetetlovers/status/1907628074520420443/analytics,111,is the most unhinged name I found for a food
dc,https://x.com/bukancakung,https://pbs.twimg.com/profile_images/1954044628275245056/Q17LS_nw_bigger.jpg,https://x.com/bukancakung,@bukancakung,Â·,19 Mei,,https://x.com/bukancakung/status/1924477606948409740,Burayot,https://x.com/bukancakung/status/1924477606948409740/analytics,395,
,https://x.com/snyowman,https://pbs.twimg.com/profile_images/1946595343065354242/QSZvCgY1_bigger.jpg,https://x.com/snyowman,@snyowman,Â·,3 Agt,Lucu banget liat,https://x.com/snyowman/status/1951882611556823250,burayot,https://x.com/snyowman/status/1951882611556823250/analytics,20,
ê¦«ê¦ºê¦’â€‹ê¦©ê¦‚ê¦ªê¦¤ê§€ê¦ ê¦¶,https://x.com/egoooy,https://pbs.twimg.com/profile_images/1954781572336652288/VwFtuqfV_bigger.jpg,https://x.com/egoooy,@egoooy,Â·,5 Apr,,https://x.com/egoooy/status/1908387387064946893,Burayot,https://x.com/egoooy/status/1908387387064946893/analytics,34,
Bima Prawira Utama,https://x.com/bimaprawira,https://pbs.twimg.com/profile_images/1951281063097147392/oHwLiCwA_bigger.jpg,https://x.com/bimaprawira,@bimaprawira,Â·,11 Jan,"Tadi PP Bandung-Garut. Yg menarik, sepanjang jalan gw menemukan 2 kuliner yg ada di tiap 200-300an meter.

1.",https://x.com/bimaprawira/status/1878058587467198551,Burayot,https://x.com/bimaprawira/status/1878058587467198551/analytics,178,2. RM Padang
q,https://x.com/mur1997qi,https://pbs.twimg.com/profile_images/1954905383413415936/NdVDuu5N_bigger.jpg,https://x.com/mur1997qi,@mur1997qi,Â·,28 Mar,,https://x.com/mur1997qi/status/1905649056942297579,Burayot,https://x.com/mur1997qi/status/1905649056942297579/analytics,36,
Blackwidow,https://x.com/agentrumanov,https://pbs.twimg.com/profile_images/1839255477554917378/uVdx3wEh_bigger.jpg,https://x.com/agentrumanov,@agentrumanov,Â·,28 Jul,Siki kanjut maneh Tah,https://x.com/agentrumanov/status/1949700511919378926,burayot,https://x.com/agentrumanov/status/1949700511919378926/analytics,175,
body Ball pengen kurus,https://x.com/whidhutdhuth,https://pbs.twimg.com/profile_images/1639099831099744256/9yTjAuGZ_bigger.jpg,https://x.com/whidhutdhuth,@whidhutdhuth,Â·,7 Mar,Tips dari gue klo ada yg ngomongin gue dari belakang gue kasih cemilan aja biar tambah seru .mau gue kasih apa ?,https://x.com/whidhutdhuth/status/1897867112334737523,Burayot,https://x.com/whidhutdhuth/status/1897867112334737523/analytics,12,"atau cokodot??

Gue  mah gitu orangnya asyik"
Tikotok Moyan,https://x.com/maunglodon,https://pbs.twimg.com/profile_images/1843179193905074176/hHBP2NNV_bigger.jpg,https://x.com/maunglodon,@maunglodon,Â·,21 Apr,Kenapa,https://x.com/maunglodon/status/1914151947197911483,burayot,https://x.com/maunglodon/status/1914151947197911483/analytics,20,mirip kanjut?
lilmeowmeow,https://x.com/bbysgaa,https://pbs.twimg.com/profile_images/1952600958091046912/COH205-b_bigger.jpg,https://x.com/bbysgaa,@bbysgaa,Â·,10 Mar,sumpah,https://x.com/bbysgaa/status/1898911480671805893,burayot,https://x.com/bbysgaa/status/1898911480671805893/analytics,277,"enak banget, gua bisa abis banyak sendiri"
lilmeowmeow,https://x.com/bbysgaa,https://pbs.twimg.com/profile_images/1952600958091046912/COH205-b_bigger.jpg,https://x.com/bbysgaa,@bbysgaa,Â·,10 Mar,sumpah,https://x.com/bbysgaa/status/1898911480671805893,burayot,https://x.com/bbysgaa/status/1898911480671805893/analytics,277,"enak banget, gua bisa abis banyak sendiri"
chell,https://x.com/fixoned1117,https://pbs.twimg.com/profile_images/1907380703949639680/m3_jy8kx_bigger.jpg,https://x.com/fixoned1117,@fixoned1117,Â·,2 Apr,"Mingi kalo kesini kita makan eskrim peuyeum,",https://x.com/fixoned1117/status/1907315969896091859,burayot,https://x.com/fixoned1117/status/1907315969896091859/analytics,61,", sm makanan langka lainnya

ASIA DEMANDS ATEEZ TOUR"
IOLA KIM.,https://x.com/sillytherins,https://pbs.twimg.com/profile_images/1938809505208217600/U461rIB6_bigger.jpg,https://x.com/sillytherins,@sillytherins,Â·,9 Jul,ã…¤,https://x.com/sillytherins/status/1942978469522272672,burayot,https://x.com/sillytherins/status/1942978469522272672/analytics,107,: gk prnah gk menangis kl nnton harry potter and the half blood prince pas scene the
lilmeowmeow,https://x.com/bbysgaa,https://pbs.twimg.com/profile_images/1952600958091046912/COH205-b_bigger.jpg,https://x.com/bbysgaa,@bbysgaa,Â·,10 Mar,sumpah,https://x.com/bbysgaa/status/1898911480671805893,burayot,https://x.com/bbysgaa/status/1898911480671805893/analytics,277,"enak banget, gua bisa abis banyak sendiri"
Q0RÃ¬,https://x.com/lu0chaa,https://pbs.twimg.com/profile_images/1438780525406142467/pNqDLsyf_bigger.jpg,https://x.com/lu0chaa,@lu0chaa,Â·,1 Agt,"Anyway, nama lain dari",https://x.com/lu0chaa/status/1951257707165749463,burayot,https://x.com/lu0chaa/status/1951257707165749463/analytics,47,tuh alat kelamin laki dalam basa sunda
San,https://x.com/noturbae98,https://pbs.twimg.com/profile_images/1937942451060412419/iz7UFqZZ_bigger.jpg,https://x.com/noturbae98,@noturbae98,Â·,14 Mar,ajig,https://x.com/noturbae98/status/1900319854391156834,Burayot,https://x.com/noturbae98/status/1900319854391156834/analytics,37,
KOMPAS TV,https://x.com/KompasTV,https://pbs.twimg.com/profile_images/1430830041919721475/U7LgJ1pw_bigger.jpg,https://x.com/KompasTV,@KompasTV,Â·,7 Apr,Melepas Lelah Usai Liputan Arus Balik dengan,https://x.com/KompasTV/status/1909148643514597420,Burayot,https://x.com/KompasTV/status/1909148643514597420/analytics,1Â rb,Khas Garut
aku siapa,https://x.com/anakm4nusia,https://pbs.twimg.com/profile_images/1940098751265144832/tRpASEJg_bigger.jpg,https://x.com/anakm4nusia,@anakm4nusia,Â·,13 Jul,jiga,https://x.com/anakm4nusia/status/1944338881077477731,burayot,https://x.com/anakm4nusia/status/1944338881077477731/analytics,186,ieu mah
Evan,https://x.com/E10van,https://pbs.twimg.com/profile_images/967426149444763648/kgo1ZLMi_bigger.jpg,https://x.com/E10van,@E10van,Â·,26 Mei,"Ranginang, opak &",https://x.com/E10van/status/1926690266141863971,burayot,https://x.com/E10van/status/1926690266141863971/analytics,8,
sasa,https://x.com/dollyhoon,https://pbs.twimg.com/profile_images/1942769729577402368/kZwdGTDF_bigger.jpg,https://x.com/dollyhoon,@dollyhoon,Â·,14 Mar,,https://x.com/dollyhoon/status/1900413022654587059,BURAYOT,https://x.com/dollyhoon/status/1900413022654587059/analytics,62,
Nai,https://x.com/naifahetal,https://pbs.twimg.com/profile_images/1949975279922810880/OP5FzgHX_bigger.jpg,https://x.com/naifahetal,@naifahetal,Â·,1 Agt,"may august and the rest month be my month, aamiin",https://x.com/naifahetal/status/1951256926131724651,,https://x.com/naifahetal/status/1951256926131724651/analytics,184,
Lambe Waras,https://x.com/abu_waras,https://pbs.twimg.com/profile_images/1721446501795426304/AdDT32ck_bigger.jpg,https://x.com/abu_waras,@abu_waras,Â·,1 Apr,Kalau,https://x.com/abu_waras/status/1907036070958735823,burayot,https://x.com/abu_waras/status/1907036070958735823/analytics,102,mah pasti orang Garut ya?
autumn,https://x.com/diatomiculprit,https://pbs.twimg.com/profile_images/1933510864919015424/347MMYqU_bigger.jpg,https://x.com/diatomiculprit,@diatomiculprit,Â·,9 Mar,On a serious note,https://x.com/diatomiculprit/status/1898771055537439007,burayot,https://x.com/diatomiculprit/status/1898771055537439007/analytics,85,TASTE HEAVENLY
ğ—ğ–ºğ—…ğ–¾ğ—‡ğ—ğ—‚ğ—‡ğ–¾.,https://x.com/intoeva,https://pbs.twimg.com/profile_images/1918683082426920961/PuMlduai_bigger.png,https://x.com/intoeva,@intoeva,Â·,26 Apr,kaya,https://x.com/intoeva/status/1916050157541724671,burayot,https://x.com/intoeva/status/1916050157541724671/analytics,38,. kakak tau
autumn,https://x.com/diatomiculprit,https://pbs.twimg.com/profile_images/1933510864919015424/347MMYqU_bigger.jpg,https://x.com/diatomiculprit,@diatomiculprit,Â·,9 Mar,On a serious note,https://x.com/diatomiculprit/status/1898771055537439007,burayot,https://x.com/diatomiculprit/status/1898771055537439007/analytics,85,TASTE HEAVENLY
Yoi-Chi Bae,https://x.com/YoiChi_Bae,https://pbs.twimg.com/profile_images/1925020889579716610/lAVgwZnk_bigger.jpg,https://x.com/YoiChi_Bae,@YoiChi_Bae,Â·,2 Jul,"mff ya ges, gara2 aku sama ka",https://x.com/YoiChi_Bae/status/1940450233420550510,burayot,https://x.com/YoiChi_Bae/status/1940450233420550510/analytics,214,kalian malah ngajak apipi kalian makan
autumn,https://x.com/diatomiculprit,https://pbs.twimg.com/profile_images/1933510864919015424/347MMYqU_bigger.jpg,https://x.com/diatomiculprit,@diatomiculprit,Â·,9 Mar,On a serious note,https://x.com/diatomiculprit/status/1898771055537439007,burayot,https://x.com/diatomiculprit/status/1898771055537439007/analytics,85,TASTE HEAVENLY
bekry,https://x.com/kusukahappy,https://pbs.twimg.com/profile_images/1954561847895662592/YMzqMWcX_bigger.jpg,https://x.com/kusukahappy,@kusukahappy,Â·,15 Mar,PENGEN,https://x.com/kusukahappy/status/1900599778553328048,BURAYOT,https://x.com/kusukahappy/status/1900599778553328048/analytics,40,
mpi~,https://x.com/sayangzeus,https://pbs.twimg.com/profile_images/1860660036101623808/xyLBIMlE_bigger.jpg,https://x.com/sayangzeus,@sayangzeus,Â·,28 Jun,"Pecah bgt ketawa ni,",https://x.com/sayangzeus/status/1938801177057177754,burayot,https://x.com/sayangzeus/status/1938801177057177754/analytics,141,atulah
shanin djo,https://x.com/cabatmu,https://pbs.twimg.com/profile_images/1956255805688467456/RLT4DODj_bigger.jpg,https://x.com/cabatmu,@cabatmu,Â·,15 Jun,mirip,https://x.com/cabatmu/status/1934253833431249033,burayot,https://x.com/cabatmu/status/1934253833431249033/analytics,124,simadu yang menemani perjalanan gua ke bandung
q,https://x.com/mur1997qi,https://pbs.twimg.com/profile_images/1954905383413415936/NdVDuu5N_bigger.jpg,https://x.com/mur1997qi,@mur1997qi,Â·,19 Agt,,https://x.com/mur1997qi/status/1957800562755273172,Burayot,https://x.com/mur1997qi/status/1957800562755273172/analytics,15,
Grok,https://x.com/grok,https://pbs.twimg.com/profile_images/1893219113717342208/Vgg2hEPa_bigger.jpg,https://x.com/grok,@grok,Â·,27 Mar,", kue tradisional Garut, terbuat dari tepung beras dan gula merah, rasanya manis karamel, mirip kue cucur dan pinyaram yang juga pakai bahan sama. Bedanya mungkin di cara buat atau tambahan seperti santan di pinyaram, tapi secara umum rasanya sebanding.",https://x.com/grok/status/1905201671778468124,Burayot,https://x.com/grok/status/1905201671778468124/analytics,91,
Ash^ğ”“˜ | plz @ aftr dm,https://x.com/P4RKJE0NGWOO,https://pbs.twimg.com/profile_images/1947581349159690241/9V2RmxfY_bigger.jpg,https://x.com/P4RKJE0NGWOO,@P4RKJE0NGWOO,Â·,22 Jun,"SUR KE GARUT NGAPA SUR
NTAR GWA BLIIN DODOL SM",https://x.com/P4RKJE0NGWOO/status/1936784714599452850,BURAYOT,https://x.com/P4RKJE0NGWOO/status/1936784714599452850/analytics,70,ENAK SIAH
Grok,https://x.com/grok,https://pbs.twimg.com/profile_images/1893219113717342208/Vgg2hEPa_bigger.jpg,https://x.com/grok,@grok,Â·,27 Mar,"Minda ğ•â€™s ""SUDAH KUDUGA"" post humorously confirms her suspicion that",https://x.com/grok/status/1905213416626675863,burayot,https://x.com/grok/status/1905213416626675863/analytics,66,"tastes like kue cucur and pinyaram, based on shared rice flour and sugar ingredients. Replying to"
kiddos,https://x.com/anomalsi,https://pbs.twimg.com/profile_images/1934864667991789568/D_X2NI1Z_bigger.jpg,https://x.com/anomalsi,@anomalsi,Â·,3 Jul,Kirain,https://x.com/anomalsi/status/1940756392585187576,burayot,https://x.com/anomalsi/status/1940756392585187576/analytics,188,"tuh bubur ayam di kenyot, ternyata kue ya.."
Burayot,https://x.com/Burayot1400,https://pbs.twimg.com/profile_images/1857237161118228480/1yzva6ag_bigger.jpg,https://x.com/Burayot1400,@Burayot1400,Â·,11 Mei,Hewan ini bisa bangkit setelah digigit Ular Mematikan !,https://x.com/Burayot1400/status/1921340049720828096,,https://x.com/Burayot1400/status/1921340049720828096/analytics,19,
,https://x.com/rainchocoo,https://pbs.twimg.com/profile_images/1946769620544663552/ddRv-HyX_bigger.jpg,https://x.com/rainchocoo,@rainchocoo,Â·,19 Jul,naha sih ti loba kue khas sunda kudu,https://x.com/rainchocoo/status/1946595251545927802,burayot,https://x.com/rainchocoo/status/1946595251545927802/analytics,34,giung
peaches.,https://x.com/Zzbong13,https://pbs.twimg.com/profile_images/1923752998699692032/sB65qX_b_bigger.jpg,https://x.com/Zzbong13,@Zzbong13,Â·,12 Jul,anton nanti kalo kegarut jangan lupa nyobain,https://x.com/Zzbong13/status/1943938545057771880,burayot,https://x.com/Zzbong13/status/1943938545057771880/analytics,69,ya
Ali.,https://x.com/maleidris,https://pbs.twimg.com/profile_images/1957325745644302336/nrmHGWL9_bigger.png,https://x.com/maleidris,@maleidris,Â·,12 Agt,Kue cucur dan turunannya kayak kue,https://x.com/maleidris/status/1955159055846306175,burayot,https://x.com/maleidris/status/1955159055846306175/analytics,40,jangan sampai punah.
Grok,https://x.com/grok,https://pbs.twimg.com/profile_images/1893219113717342208/Vgg2hEPa_bigger.jpg,https://x.com/grok,@grok,Â·,12 Mei,"Ciri khas Kota Garut meliputi keindahan alam, budaya Sunda, dan kuliner unik. Dikenal sebagai ""Swiss-nya Jawa"", Garut memiliki iklim sejuk, pegunungan seperti Gunung Papandayan, dan danau seperti Situ Bagendit. Kuliner khasnya adalah dodol,",https://x.com/grok/status/1921962304448704722,burayot,https://x.com/grok/status/1921962304448704722/analytics,334,", dan dorokdok. Garut juga"
vira k.,https://x.com/karagechopstic,https://pbs.twimg.com/profile_images/1901217500295262208/lgL6nXU__bigger.jpg,https://x.com/karagechopstic,@karagechopstic,Â·,22 Jul,siang-siang mikirin,https://x.com/karagechopstic/status/1947529156226650551,burayot,https://x.com/karagechopstic/status/1947529156226650551/analytics,88,simadu
Grok,https://x.com/grok,https://pbs.twimg.com/profile_images/1893219113717342208/Vgg2hEPa_bigger.jpg,https://x.com/grok,@grok,Â·,30 Mar,", camilan khas Garut, terbuat dari tepung beras, gula aren, dan kadang gula pasir. Cara membuat: masak gula aren dan air jadi sirup, campur tepung beras hingga adonan kalis, bentuk bulat pipih, goreng sambil dibentuk pakai tusuk bambu hingga keemasan. Tidak pakai madu,",https://x.com/grok/status/1906084409297473819,Burayot,https://x.com/grok/status/1906084409297473819/analytics,131,
Abare Killer,https://x.com/chefmieayam,https://pbs.twimg.com/profile_images/1941013274256179200/g5sovO_C_bigger.jpg,https://x.com/chefmieayam,@chefmieayam,Â·,9 Agt,ga sih?,https://x.com/chefmieayam/status/1954108571123126567,burayot,https://x.com/chefmieayam/status/1954108571123126567/analytics,256,
sukadipanggildosol,https://x.com/dosolllswag,https://pbs.twimg.com/profile_images/1343480067914002433/kCfakELh_bigger.jpg,https://x.com/dosolllswag,@dosolllswag,Â·,30 Jun,makan,https://x.com/dosolllswag/status/1939635090700788150,burayot,https://x.com/dosolllswag/status/1939635090700788150/analytics,940,dorongannya teh pucuk
Grok,https://x.com/grok,https://pbs.twimg.com/profile_images/1893219113717342208/Vgg2hEPa_bigger.jpg,https://x.com/grok,@grok,Â·,20 Jul,"Haha, oke meeeluck! Kalau inopedut jadi penjahat",https://x.com/grok/status/1946912279523643847,burayot,https://x.com/grok/status/1946912279523643847/analytics,29,â€”manis kayak camilan Sunda tapi jahat licikâ€”pasti plot twistnya epik. Mau tambah dia ke cast? Siap syuting?
nana,https://x.com/swentseun,https://pbs.twimg.com/profile_images/1792732122794602496/X2YvlPiV_bigger.jpg,https://x.com/swentseun,@swentseun,Â·,19 Jul,ngl I called my husb,https://x.com/swentseun/status/1946585633839042945,burayot,https://x.com/swentseun/status/1946585633839042945/analytics,54,once bcs he never stops joking about how it resembles testicles FOR A WHOLE DAY
"jieee, cek pinned.",https://x.com/weongkicil,https://pbs.twimg.com/profile_images/1849065538271780864/ShpsGRhU_bigger.jpg,https://x.com/weongkicil,@weongkicil,Â·,29 Jun,there's a sweet snack called,https://x.com/weongkicil/status/1939147799339168002,burayot,https://x.com/weongkicil/status/1939147799339168002/analytics,47,in here but aku panggil snack itu bahenol idk why
...,https://x.com/endahahihuheho,https://pbs.twimg.com/profile_images/1642026821771460610/kp5o0Rad_bigger.jpg,https://x.com/endahahihuheho,@endahahihuheho,Â·,29 Jun,Kalo disini seringnya gue liat digambarin terong beserta,https://x.com/endahahihuheho/status/1939188555605258334,burayot,https://x.com/endahahihuheho/status/1939188555605258334/analytics,51,
BA Borma Antapani,https://x.com/divisisenjata,https://pbs.twimg.com/profile_images/1517248231931269120/kZotuEVu_bigger.jpg,https://x.com/divisisenjata,@divisisenjata,Â·,1 Jul,adalah buratta yg di goreng,https://x.com/divisisenjata/status/1939911212583854499,burayot,https://x.com/divisisenjata/status/1939911212583854499/analytics,71,
Burayot,https://x.com/Burayot1400,https://pbs.twimg.com/profile_images/1857237161118228480/1yzva6ag_bigger.jpg,https://x.com/Burayot1400,@Burayot1400,Â·,9 Mei,Makhluk Sungai Ini Lebih Ganas dari yang Kamu Kira !,https://x.com/Burayot1400/status/1920810433390219400,youtube.com,https://x.com/Burayot1400/status/1920810433390219400/analytics,12,
...,https://x.com/endahahihuheho,https://pbs.twimg.com/profile_images/1642026821771460610/kp5o0Rad_bigger.jpg,https://x.com/endahahihuheho,@endahahihuheho,Â·,29 Jun,Kalo disini seringnya gue liat digambarin terong beserta,https://x.com/endahahihuheho/status/1939188555605258334,burayot,https://x.com/endahahihuheho/status/1939188555605258334/analytics,51,
Burayot,https://x.com/Burayot1400,https://pbs.twimg.com/profile_images/1857237161118228480/1yzva6ag_bigger.jpg,https://x.com/Burayot1400,@Burayot1400,Â·,11 Mei,Naluri Ibu Memberi Makan Lebih dari yang Bisa Ditelan,https://x.com/Burayot1400/status/1921432089347453304,youtube.com,https://x.com/Burayot1400/status/1921432089347453304/analytics,36,
Burayot,https://x.com/Burayot1400,https://pbs.twimg.com/profile_images/1857237161118228480/1yzva6ag_bigger.jpg,https://x.com/Burayot1400,@Burayot1400,Â·,13 Mei,Burung Pelatuk Memberi Makan Anaknya di Sarang Pohon Mati,https://x.com/Burayot1400/status/1922108158618566898,,https://x.com/Burayot1400/status/1922108158618566898/analytics,41,
Nai,https://x.com/naifahetal,https://pbs.twimg.com/profile_images/1949975279922810880/OP5FzgHX_bigger.jpg,https://x.com/naifahetal,@naifahetal,Â·,29 Jul,woy assasin creed unity cmn 78k anjg TOLONG LAH GAUSA BIKIN GUE BOKEK,https://x.com/naifahetal/status/1950009221128606022,,https://x.com/naifahetal/status/1950009221128606022/analytics,297,
Grok,https://x.com/grok,https://pbs.twimg.com/profile_images/1893219113717342208/Vgg2hEPa_bigger.jpg,https://x.com/grok,@grok,Â·,27 Mar,Glad you enjoyed the *b,https://x.com/grok/status/1905215430177784057,urayot*,https://x.com/grok/status/1905215430177784057/analytics,72,"info, Minda ğ•! Itâ€™s a sweet treat from Garut, similar to *kue cucur* and *pinyaram* with rice flour and sugarâ€”caramel vibes all around. Loved the ""SUDAH KUDUGA"" meme too!"
Burayot,https://x.com/Burayot1400,https://pbs.twimg.com/profile_images/1857237161118228480/1yzva6ag_bigger.jpg,https://x.com/Burayot1400,@Burayot1400,Â·,10 Mei,,https://x.com/Burayot1400/status/1921082611264307403,,https://x.com/Burayot1400/status/1921082611264307403/analytics,11,
Burayot,https://x.com/Burayot1400,https://pbs.twimg.com/profile_images/1857237161118228480/1yzva6ag_bigger.jpg,https://x.com/Burayot1400,@Burayot1400,Â·,12 Mei,,https://x.com/Burayot1400/status/1921801766850408506,youtube.com,https://x.com/Burayot1400/status/1921801766850408506/analytics,49,
...,https://x.com/endahahihuheho,https://pbs.twimg.com/profile_images/1642026821771460610/kp5o0Rad_bigger.jpg,https://x.com/endahahihuheho,@endahahihuheho,Â·,29 Jun,Kalo disini seringnya gue liat digambarin terong beserta,https://x.com/endahahihuheho/status/1939188555605258334,burayot,https://x.com/endahahihuheho/status/1939188555605258334/analytics,51,
Burayot,https://x.com/Burayot1400,https://pbs.twimg.com/profile_images/1857237161118228480/1yzva6ag_bigger.jpg,https://x.com/Burayot1400,@Burayot1400,Â·,30 Mei,Ini Alasannya Bikin Merinding,https://x.com/Burayot1400/status/1928490302781661272,youtube.com,https://x.com/Burayot1400/status/1928490302781661272/analytics,38,
