style-scope src,yt-simple-endpoint href,style-scope,yt-simple-endpoint,yt-simple-endpoint href 2,yt-core-attributed-string
https://yt3.ggpht.com/ytc/AIdro_lRf30gsCDjH1dey8SDW57LlZCxNnVPQUrZFWL6iUVNFbQO=s88-c-k-c0x00ffffff-no-rj,https://www.youtube.com/@tanyasiapa4518,@tanyasiapa4518,4 tahun yang lalu,https://www.youtube.com/watch?v=rBADbAPn018&lc=Ugw0DudU37Y5XuPuewB4AaABAg&pp=0gcJCSMANpG00pGi,"Mantap darokdok,,cemilan ksukaan ku krupuk kulit ,,tapi kshan ya lihat yg krjnya msh manual apa lg yg ngeprak¬≤ kulit pasti berat bgt ya,,smoga jaya dan lestari segera patenkan jgn smpe diakui negara lain"
https://yt3.ggpht.com/ytc/AIdro_nWccdhCuM-Wbn2rjGAuQv_13n1BrsoEDHPcTrmZIzN8tI=s88-c-k-c0x00ffffff-no-rj,https://www.youtube.com/@inovasikreatifcanggihchann9253,@inovasikreatifcanggihchann9253,4 tahun yang lalu,https://www.youtube.com/watch?v=rBADbAPn018&lc=UgycFRbrFymod9NWGwN4AaABAg,Sehat slalu mas gundul aku slalu nonton acara jejak si gundul acaranya bagus bisa buat monivasi dn insfirasi ukm mantap @wahidin583
https://yt3.ggpht.com/Lxpjq68SnFq3VLR7poKKGvaza_dHoY6LGF9EEVoH9XEMV-TjOEayFFsbIBtWZr8ReKRRY3ql=s88-c-k-c0x00ffffff-no-rj,https://www.youtube.com/@video-s3s2t,@video-s3s2t,4 tahun yang lalu,https://www.youtube.com/watch?v=rBADbAPn018&lc=UgzOCLGHJOaNOdDLq9N4AaABAg&pp=0gcJCSMANpG00pGi,Saya paling suka acara ini...jejak sigundul mantulll
https://yt3.ggpht.com/ytc/AIdro_l7sP9Bk7odz0aM2tg_lZoka1900lPOgqQ02ui0g8o=s88-c-k-c0x00ffffff-no-rj,https://www.youtube.com/@musrinihartati6991,@musrinihartati6991,4 tahun yang lalu,https://www.youtube.com/watch?v=rBADbAPn018&lc=Ugy-VrL96AkWlO_Xn2h4AaABAg,"Terimakasih atas tayangan jejak si Gundul yg sangat bermanfaat,mulai dari pengambilan kulit sapi, dibawa ke bawa ke tempat pengolahan,dari kulit diberi garam,garam dibersihkan, lalu direndam air ,diangat lalu dikerok dipisahkan antara kulit dan ada kulit 2 dalam yang nempel.Dan kulit yg nempel diolah lagi ,diberi bumbui dgn bawang putih & garam menjadi dorodok, dijemur hingga kering,digoreng hingga jadi camilan..,.  ......waaaaaa proses pan...........Jang.aamiin"
https://yt3.ggpht.com/ytc/AIdro_l6saexKoNWuUvv-y24m2IVF28DZovW23FXGI6WRl5SuQ=s88-c-k-c0x00ffffff-no-rj,https://www.youtube.com/@jackkalibar.s.6769,@jackkalibar.s.6769,4 tahun yang lalu,https://www.youtube.com/watch?v=rBADbAPn018&lc=UgyLplvtftMQ7CTT8B54AaABAg,"Chanel paling favoritku.
HITAM PUTIH
JEJAK SI GUNDUL"
https://yt3.ggpht.com/ytc/AIdro_kbDrA-LjvupAeHmnkDs245O98iwqdRk08c0Ry7Xgg=s88-c-k-c0x00ffffff-no-rj,https://www.youtube.com/@tutytyetye1205,@tutytyetye1205,4 tahun yang lalu,https://www.youtube.com/watch?v=rBADbAPn018&lc=Ugwh2Bc9u57iA8x6OhJ4AaABAg,asslmmaikum ..sukses trus trans7 ..smga smkin mju.dan jaya.@tuty.tye
,https://www.youtube.com/@kokonugroho2202,@kokonugroho2202,4 tahun yang lalu,https://www.youtube.com/watch?v=rBADbAPn018&lc=Ugz721WV0ODnwGTdF9J4AaABAg,"Org jawa barat memang lihai n telaten klo buat kerajinan dr bahan kulit, contohnya jaket, sepatu dll..indonesia memang mantul n kreative
@kokonugroho767"
,https://www.youtube.com/@sansirosiro2168,@sansirosiro2168,4 tahun yang lalu,https://www.youtube.com/watch?v=rBADbAPn018&lc=UgwsXcQcrjdVFkldDMh4AaABAg,Itu yg aku suka sambil ngopi enak banget
,https://www.youtube.com/@harissafaat1778,@harissafaat1778,4 tahun yang lalu,https://www.youtube.com/watch?v=rBADbAPn018&lc=Ugx8QEKU1Fk9yMxGPpJ4AaABAg,"Assalamualaikum bismillahirrahmanirrahim
Semoga sukses terus buat TRANS7"
,https://www.youtube.com/@sansirosiro2168,@sansirosiro2168,4 tahun yang lalu,https://www.youtube.com/watch?v=rBADbAPn018&lc=Ugw0hhCpc8CJuMlgBFp4AaABAg,Luar biasa prosesnya
,https://www.youtube.com/@arselanmujadidmayo9776,@arselanmujadidmayo9776,4 tahun yang lalu,https://www.youtube.com/watch?v=rBADbAPn018&lc=UgzsRJhHU3PdJ_tZyWJ4AaABAg,"Sukses trus buat trans7
@AMM"
,https://www.youtube.com/@ridwanputra2471,@ridwanputra2471,4 tahun yang lalu,https://www.youtube.com/watch?v=rBADbAPn018&lc=UgxZFdY42-chnT1QS1t4AaABAg,Waw Garut Indah sekali
,https://www.youtube.com/@randypangalila5523,@randypangalila5523,4 tahun yang lalu,https://www.youtube.com/watch?v=rBADbAPn018&lc=UgxKeXmhlwv2MUPkdPd4AaABAg,Paling serius aktingnya.. keren.. sangat mendalami perannya
,https://www.youtube.com/@GedeAnipta,@GedeAnipta,4 tahun yang lalu,https://www.youtube.com/watch?v=rBADbAPn018&lc=UgzThmSYKLtdX6gKGyp4AaABAg,"Acara nya menarik,banyak menginspirasi jejak sigundul.mantap trans7
@gede_anipta"
,https://www.youtube.com/@ichadaffa539,@ichadaffa539,4 tahun yang lalu,https://www.youtube.com/watch?v=rBADbAPn018&lc=Ugz3-q2Nkw3JWXa5xS54AaABAg,"Suka banget sama acara ini, sellu gk mau ketinggalan banyak pelajaran nya"
,https://www.youtube.com/@ngalagedaytv5665,@ngalagedaytv5665,4 tahun yang lalu,https://www.youtube.com/watch?v=rBADbAPn018&lc=UgyUUFsHWABUYxodNU54AaABAg,Mantul gundul
,https://www.youtube.com/@Sutrisno-is8ny,@Sutrisno-is8ny,4 tahun yang lalu,https://www.youtube.com/watch?v=rBADbAPn018&lc=UgzJEyG2_C9vRx_XGXh4AaABAg,Mantap abisss
,https://www.youtube.com/@yaniningsih2101,@yaniningsih2101,4 tahun yang lalu,https://www.youtube.com/watch?v=rBADbAPn018&lc=UgwrI9W-h2RIG0X1FW14AaABAg,Bismilah semoga semua menjadi berkah aamiin.
,https://www.youtube.com/@baguskhalid1799,@baguskhalid1799,4 tahun yang lalu,https://www.youtube.com/watch?v=rBADbAPn018&lc=UgwVoK1Bg1NiNtVe5Y94AaABAg,Selamat pagi semoga pAgi ini membawa berkah amin  ayuk  makan  ini saya  makan ma tahu  balado  enak enak enak
,https://www.youtube.com/@sansirosiro2168,@sansirosiro2168,4 tahun yang lalu,https://www.youtube.com/watch?v=rBADbAPn018&lc=Ugwv-JruK2YqxCscaCd4AaABAg,Semangat darodok mantap lah
https://yt3.ggpht.com/ytc/AIdro_n76zsGWrBcn0uLFfU2d1Kmc6usgXPPdXHhaquNSK0=s88-c-k-c0x00ffffff-no-rj,https://www.youtube.com/@kokonugroho2202,@kokonugroho2202,4 tahun yang lalu,https://www.youtube.com/watch?v=rBADbAPn018&lc=Ugz721WV0ODnwGTdF9J4AaABAg,"Org jawa barat memang lihai n telaten klo buat kerajinan dr bahan kulit, contohnya jaket, sepatu dll..indonesia memang mantul n kreative
@kokonugroho767"
https://yt3.ggpht.com/ytc/AIdro_mXOPLN7WXNDnhdaHAHnuhVRaTze9-IjzNliroVzqo=s88-c-k-c0x00ffffff-no-rj,https://www.youtube.com/@sansirosiro2168,@sansirosiro2168,4 tahun yang lalu,https://www.youtube.com/watch?v=rBADbAPn018&lc=UgwsXcQcrjdVFkldDMh4AaABAg,Itu yg aku suka sambil ngopi enak banget
https://yt3.ggpht.com/ytc/AIdro_n4lPiDSRw4pVZpbpD0xS_jt-8k_JuwhWDX8cPET9OhRZs=s88-c-k-c0x00ffffff-no-rj,https://www.youtube.com/@harissafaat1778,@harissafaat1778,4 tahun yang lalu,https://www.youtube.com/watch?v=rBADbAPn018&lc=Ugx8QEKU1Fk9yMxGPpJ4AaABAg,"Assalamualaikum bismillahirrahmanirrahim
Semoga sukses terus buat TRANS7"
https://yt3.ggpht.com/ytc/AIdro_mXOPLN7WXNDnhdaHAHnuhVRaTze9-IjzNliroVzqo=s88-c-k-c0x00ffffff-no-rj,https://www.youtube.com/@sansirosiro2168,@sansirosiro2168,4 tahun yang lalu,https://www.youtube.com/watch?v=rBADbAPn018&lc=Ugw0hhCpc8CJuMlgBFp4AaABAg,Luar biasa prosesnya
https://yt3.ggpht.com/ytc/AIdro_nRMN2qXZqJ6s84A087qtlwDKFU0qa0i93SdTajLjy43Q=s88-c-k-c0x00ffffff-no-rj,https://www.youtube.com/@arselanmujadidmayo9776,@arselanmujadidmayo9776,4 tahun yang lalu,https://www.youtube.com/watch?v=rBADbAPn018&lc=UgzsRJhHU3PdJ_tZyWJ4AaABAg,"Sukses trus buat trans7
@AMM"
https://yt3.ggpht.com/ytc/AIdro_nt5rVAJXSHJlEO4lw3HiFFDg48y_Bpq-kx7Ut94Wj5=s88-c-k-c0x00ffffff-no-rj,https://www.youtube.com/@ridwanputra2471,@ridwanputra2471,4 tahun yang lalu,https://www.youtube.com/watch?v=rBADbAPn018&lc=UgxZFdY42-chnT1QS1t4AaABAg,Waw Garut Indah sekali
https://yt3.ggpht.com/ytc/AIdro_k3drQJpdwSuNpzde7FjPyjPbSvWGWckZ8VbbayheuXnA=s88-c-k-c0x00ffffff-no-rj,https://www.youtube.com/@randypangalila5523,@randypangalila5523,4 tahun yang lalu,https://www.youtube.com/watch?v=rBADbAPn018&lc=UgxKeXmhlwv2MUPkdPd4AaABAg,Paling serius aktingnya.. keren.. sangat mendalami perannya
https://yt3.ggpht.com/XcFxpxAFGxY7jCJWU1VHvQxMG6Y_YLrcFNIy1uSAtxAGFaP5EArarj1aoAtDXN4Kl1wnBeXupg=s88-c-k-c0x00ffffff-no-rj,https://www.youtube.com/@GedeAnipta,@GedeAnipta,4 tahun yang lalu,https://www.youtube.com/watch?v=rBADbAPn018&lc=UgzThmSYKLtdX6gKGyp4AaABAg,"Acara nya menarik,banyak menginspirasi jejak sigundul.mantap trans7
@gede_anipta"
https://yt3.ggpht.com/ytc/AIdro_kGCPyqv2iHk43EeChffTj2Vk05Ic8RQWeXogw1KLA=s88-c-k-c0x00ffffff-no-rj,https://www.youtube.com/@ichadaffa539,@ichadaffa539,4 tahun yang lalu,https://www.youtube.com/watch?v=rBADbAPn018&lc=Ugz3-q2Nkw3JWXa5xS54AaABAg,"Suka banget sama acara ini, sellu gk mau ketinggalan banyak pelajaran nya"
https://yt3.ggpht.com/ytc/AIdro_mf5NOhygHCIfUgYN6DYK9EXF_SbDfTyi1u1E3OSOGPCw=s88-c-k-c0x00ffffff-no-rj,https://www.youtube.com/@ngalagedaytv5665,@ngalagedaytv5665,4 tahun yang lalu,https://www.youtube.com/watch?v=rBADbAPn018&lc=UgyUUFsHWABUYxodNU54AaABAg,Mantul gundul
https://yt3.ggpht.com/ppVVNonaLBTGPbFvzQ_r1Uv0wrccVn17-bM98ZUhGDFgmH5iDtLgHO6qORSX3-HqkQzkdj7yZlU=s88-c-k-c0x00ffffff-no-rj,https://www.youtube.com/@Sutrisno-is8ny,@Sutrisno-is8ny,4 tahun yang lalu,https://www.youtube.com/watch?v=rBADbAPn018&lc=UgzJEyG2_C9vRx_XGXh4AaABAg,Mantap abisss
https://yt3.ggpht.com/ytc/AIdro_lmbxgENnfYjeQmWg0lJPA9g0FA9kD0BS0FtVJ3hfQ=s88-c-k-c0x00ffffff-no-rj,https://www.youtube.com/@yaniningsih2101,@yaniningsih2101,4 tahun yang lalu,https://www.youtube.com/watch?v=rBADbAPn018&lc=UgwrI9W-h2RIG0X1FW14AaABAg,Bismilah semoga semua menjadi berkah aamiin.
https://yt3.ggpht.com/ytc/AIdro_kzT2kLb13YR-ubaTxH-CrdSeFOUgtVlNcv014xwC4zjU8=s88-c-k-c0x00ffffff-no-rj,https://www.youtube.com/@baguskhalid1799,@baguskhalid1799,4 tahun yang lalu,https://www.youtube.com/watch?v=rBADbAPn018&lc=UgwVoK1Bg1NiNtVe5Y94AaABAg,Selamat pagi semoga pAgi ini membawa berkah amin  ayuk  makan  ini saya  makan ma tahu  balado  enak enak enak
https://yt3.ggpht.com/ytc/AIdro_mXOPLN7WXNDnhdaHAHnuhVRaTze9-IjzNliroVzqo=s88-c-k-c0x00ffffff-no-rj,https://www.youtube.com/@sansirosiro2168,@sansirosiro2168,4 tahun yang lalu,https://www.youtube.com/watch?v=rBADbAPn018&lc=Ugwv-JruK2YqxCscaCd4AaABAg,Semangat darodok mantap lah
https://yt3.ggpht.com/ytc/AIdro_mZgCcwZcdcqHt_DEm_5fjvJ_PKm115APQH7zAn9yE=s88-c-k-c0x00ffffff-no-rj,https://www.youtube.com/@windiarfianova702,@windiarfianova702,4 tahun yang lalu,https://www.youtube.com/watch?v=rBADbAPn018&lc=Ugyf6GtjxFusPLz8qdF4AaABAg,"Trus lh menampilkan berita2 yg  Cemerlang... 
Jaya trus trans7.."
https://yt3.ggpht.com/ytc/AIdro_ll6w_MJVKvQD33EqjFGWKwHJtXeHHhvSIT6jdxkrMNkQ=s88-c-k-c0x00ffffff-no-rj,https://www.youtube.com/@rafsanjani1647,@rafsanjani1647,4 tahun yang lalu,https://www.youtube.com/watch?v=rBADbAPn018&lc=UgyFfmAjvaS-IMZ-8GZ4AaABAg,Sukses selalu bossque sukses selalu  raja IT dan berkah buat kita smua aamiin @usaymoral.91
https://yt3.ggpht.com/HUqVDQ6ZpAiGbjedq_nSncj4y_dND5mTc8fhXj9XAFZ7CrMjEbFREufz-unRSrLgpdWfoXVD0hM=s88-c-k-c0x00ffffff-no-rj,https://www.youtube.com/@sonyasgar1838,@sonyasgar1838,4 tahun yang lalu,https://www.youtube.com/watch?v=rBADbAPn018&lc=UgzKTLE2idDQvS-SI_54AaABAg&pp=0gcJCSMANpG00pGi,"Mantep.. moga"" jaya terus di udara dan ddaratüáÆüá©üáÆüá©üáÆüá©.. garut hadir"
https://yt3.ggpht.com/ytc/AIdro_mPHEgA7_V0-zIIiJRKysWJ3nYWPc3MLsAyiVpk9Rg=s88-c-k-c0x00ffffff-no-rj,https://www.youtube.com/@karinasari7665,@karinasari7665,4 tahun yang lalu,https://www.youtube.com/watch?v=rBADbAPn018&lc=UgycqAgz16FVrjnp5fJ4AaABAg,"Bismilah suses ya tran tv,,,semoga chanel in meng inspiransi,,,"
https://yt3.ggpht.com/ytc/AIdro_kFFRQay1mUzbD-mEb1MUYBzMSe0-vVZNP1UKXElaw=s88-c-k-c0x00ffffff-no-rj,https://www.youtube.com/@balqissultana3732,@balqissultana3732,4 tahun yang lalu,https://www.youtube.com/watch?v=rBADbAPn018&lc=UgzqrSEDoLrXxmP586h4AaABAg,"Mantap semoga Trans7 selalu menjadi favorit pemirsa.dan salam buat keluarga Baim dan kru 
Balqissultana20"
,https://www.youtube.com/@fujilestari8366,@fujilestari8366,4 tahun yang lalu,https://www.youtube.com/watch?v=rBADbAPn018&lc=UgzJcMVqltDUSM2lqwp4AaABAg,Pertahankan tayangan trans 7 yang seperti iniiii Ô∏è
,https://www.youtube.com/@silviavia2655,@silviavia2655,4 tahun yang lalu,https://www.youtube.com/watch?v=rBADbAPn018&lc=Ugx-hdpSRV6TLQnVNLp4AaABAg,"mntaap buat jejak sigundul..
suka lhat abng yg 1 ini klo mngisi acra di jejak si gundul.pasti abng ini ikut antisipasi dlm mngolah mmbantu..dan mmberi pngetahuan kita bgaimana cra mreka mngolah bhan tsb mnjadi sbuah mknan yg nikmat bercita rasa asli indonesia..
sukses sllu trans7 ttap mmjdi chanel yg is the best..ig silviasilvia9585"
,https://www.youtube.com/@azkapradana5136,@azkapradana5136,4 tahun yang lalu,https://www.youtube.com/watch?v=rBADbAPn018&lc=UgyWzuSWrxnKJ0jnwQZ4AaABAg,Penggemar si gundul. Sukses pakde heru
,https://www.youtube.com/@bibikbibik259,@bibikbibik259,4 tahun yang lalu,https://www.youtube.com/watch?v=rBADbAPn018&lc=Ugzucph5RbOq-TtEsmR4AaABAg,"Trans* 7 jejak si gundul .
Selamat beraktipitas"
,https://www.youtube.com/@afidkendo2426,@afidkendo2426,4 tahun yang lalu,https://www.youtube.com/watch?v=rBADbAPn018&lc=UgwtNIuRC6j29Xaafa54AaABAg,Mas gundul orangnya gak perduli pekerjaan apapun di lakukan sip
,https://www.youtube.com/@mahardhykarelightchenel,@mahardhykarelightchenel,4 tahun yang lalu,https://www.youtube.com/watch?v=rBADbAPn018&lc=UgzgT9_ZK_aSCoLdIZ94AaABAg,Keren bnget kak sukses sll lihat in ke saya juga kak
,https://www.youtube.com/@novi3putri,@novi3putri,4 tahun yang lalu,https://www.youtube.com/watch?v=rBADbAPn018&lc=UgxRxyHdXmLRtas8oDh4AaABAg&pp=0gcJCSMANpG00pGi,Bismillah
,https://www.youtube.com/@azkaputra5231,@azkaputra5231,4 tahun yang lalu,https://www.youtube.com/watch?v=rBADbAPn018&lc=UgzNy-UeihVCWGq7nXJ4AaABAg,semoga trns7 semakin terdepan
,https://www.youtube.com/@Campurmedia86,@Campurmedia86,4 tahun yang lalu (diedit),https://www.youtube.com/watch?v=rBADbAPn018&lc=UgyoDoe7gG1V4XSuiHx4AaABAg,"Luar biasa dan sangat menginspirasi buat pemirsa..
Sukses selalu buat trans7 dr Lampung."
,https://www.youtube.com/@stebinpangemanan1563,@stebinpangemanan1563,4 tahun yang lalu,https://www.youtube.com/watch?v=rBADbAPn018&lc=UgzTCx70QK_C1VtKn_d4AaABAg,Mantap....
,https://www.youtube.com/@dewisartika6753,@dewisartika6753,4 tahun yang lalu,https://www.youtube.com/watch?v=rBADbAPn018&lc=Ugybih6z9TF7CULP9LR4AaABAg,"salut sm mas gundul,hampir semuanya pekerjaan bisa dikerjakan sm mas gundul,semangat terus mas gundul"
,https://www.youtube.com/@tutytyetye1205,@tutytyetye1205,4 tahun yang lalu,https://www.youtube.com/watch?v=rBADbAPn018&lc=UgxAPDklX0quqvG6s594AaABAg,"bismillah smga trans7sllu mnayangkn acara"" yg brmnfaat dan mnjadikn motifasi buat sllu indonesia..tuty.tye"
,https://www.youtube.com/@kanguohalbantani5205,@kanguohalbantani5205,4 tahun yang lalu,https://www.youtube.com/watch?v=rBADbAPn018&lc=UgwyFmGU625h1m5HQ3d4AaABAg,"Bismillaah,,,Mantap DAROKDOK
Trans7 tetap jaya moga jadi chanel yang di gemari kalangan masyarakat dan moga ka baim dan keluarga moga sehat selalu .dan moga ada rezeki saya IG:kanguoh08"
,https://www.youtube.com/@kristipermatasari2876,@kristipermatasari2876,4 tahun yang lalu,https://www.youtube.com/watch?v=rBADbAPn018&lc=UgwdKYRPsFpzGXy-SBt4AaABAg,Wihh ke garutt mok aku gk nyadar sih?
,https://www.youtube.com/@antik_story4583,@antik_story4583,4 tahun yang lalu,https://www.youtube.com/watch?v=rBADbAPn018&lc=Ugy47839oZYH_E-X0WV4AaABAg,Teteh Sri....
https://yt3.ggpht.com/ytc/AIdro_nmdPjStStZ7_3AmXZAf_dhw9R21FpUy6XwZATGRdlGF26W=s88-c-k-c0x00ffffff-no-rj,https://www.youtube.com/@fujilestari8366,@fujilestari8366,4 tahun yang lalu,https://www.youtube.com/watch?v=rBADbAPn018&lc=UgzJcMVqltDUSM2lqwp4AaABAg,Pertahankan tayangan trans 7 yang seperti iniiii Ô∏è
https://yt3.ggpht.com/ytc/AIdro_lH5mUiBAxPN9M1FVeyjtS35bIXlpykrtnhW-6j6Yc=s88-c-k-c0x00ffffff-no-rj,https://www.youtube.com/@silviavia2655,@silviavia2655,4 tahun yang lalu,https://www.youtube.com/watch?v=rBADbAPn018&lc=Ugx-hdpSRV6TLQnVNLp4AaABAg,"mntaap buat jejak sigundul..
suka lhat abng yg 1 ini klo mngisi acra di jejak si gundul.pasti abng ini ikut antisipasi dlm mngolah mmbantu..dan mmberi pngetahuan kita bgaimana cra mreka mngolah bhan tsb mnjadi sbuah mknan yg nikmat bercita rasa asli indonesia..
sukses sllu trans7 ttap mmjdi chanel yg is the best..ig silviasilvia9585"
https://yt3.ggpht.com/4P60diKNiusJ3tkTMRFZEPVMfuBXPE59ltBxlFydaLPcPJikyI0l1SQkgHhJL6UBNma3ADb5Ew=s88-c-k-c0x00ffffff-no-rj,https://www.youtube.com/@azkapradana5136,@azkapradana5136,4 tahun yang lalu,https://www.youtube.com/watch?v=rBADbAPn018&lc=UgyWzuSWrxnKJ0jnwQZ4AaABAg,Penggemar si gundul. Sukses pakde heru
https://yt3.ggpht.com/ytc/AIdro_mWkXm_tI_24KPIVg6R2fu0zeelGyrJ54xurdmzQBU=s88-c-k-c0x00ffffff-no-rj,https://www.youtube.com/@bibikbibik259,@bibikbibik259,4 tahun yang lalu,https://www.youtube.com/watch?v=rBADbAPn018&lc=Ugzucph5RbOq-TtEsmR4AaABAg,"Trans* 7 jejak si gundul .
Selamat beraktipitas"
https://yt3.ggpht.com/ytc/AIdro_mTp7Ch0Axfl93ieiLRHDmWkd3glP9Ya00GcBvTA9o=s88-c-k-c0x00ffffff-no-rj,https://www.youtube.com/@afidkendo2426,@afidkendo2426,4 tahun yang lalu,https://www.youtube.com/watch?v=rBADbAPn018&lc=UgwtNIuRC6j29Xaafa54AaABAg,Mas gundul orangnya gak perduli pekerjaan apapun di lakukan sip
https://yt3.ggpht.com/ytc/AIdro_nnCge-5HBi9SSbmT46I4S0xezN24ryFwQM87Sr1znzYw=s88-c-k-c0x00ffffff-no-rj,https://www.youtube.com/@mahardhykarelightchenel,@mahardhykarelightchenel,4 tahun yang lalu,https://www.youtube.com/watch?v=rBADbAPn018&lc=UgzgT9_ZK_aSCoLdIZ94AaABAg,Keren bnget kak sukses sll lihat in ke saya juga kak
https://yt3.ggpht.com/ytc/AIdro_mg3dJTT50HRMOnMLDeZoH-GqG7Lgjy2MxVjV9Ygik=s88-c-k-c0x00ffffff-no-rj,https://www.youtube.com/@novi3putri,@novi3putri,4 tahun yang lalu,https://www.youtube.com/watch?v=rBADbAPn018&lc=UgxRxyHdXmLRtas8oDh4AaABAg&pp=0gcJCSMANpG00pGi,Bismillah
https://yt3.ggpht.com/ytc/AIdro_lCYsH69eGpEQjzA42GJmImwT4fgD4c1Fhz2yY1nik=s88-c-k-c0x00ffffff-no-rj,https://www.youtube.com/@azkaputra5231,@azkaputra5231,4 tahun yang lalu,https://www.youtube.com/watch?v=rBADbAPn018&lc=UgzNy-UeihVCWGq7nXJ4AaABAg,semoga trns7 semakin terdepan
https://yt3.ggpht.com/0lTkc0YYdCWu_5XVpIMwQXQ7pjpJ5q4SM80GnFFw8XSKLcmLGmrkp2L559YuvzkSJ2nzxssc=s88-c-k-c0x00ffffff-no-rj,https://www.youtube.com/@Campurmedia86,@Campurmedia86,4 tahun yang lalu (diedit),https://www.youtube.com/watch?v=rBADbAPn018&lc=UgyoDoe7gG1V4XSuiHx4AaABAg,"Luar biasa dan sangat menginspirasi buat pemirsa..
Sukses selalu buat trans7 dr Lampung."
https://yt3.ggpht.com/ytc/AIdro_kpBrWmA3OWMHWK2zk3sk_2nOzHl4m88XucpZvGaVA=s88-c-k-c0x00ffffff-no-rj,https://www.youtube.com/@stebinpangemanan1563,@stebinpangemanan1563,4 tahun yang lalu,https://www.youtube.com/watch?v=rBADbAPn018&lc=UgzTCx70QK_C1VtKn_d4AaABAg,Mantap....
https://yt3.ggpht.com/ytc/AIdro_kmqo_IkJPttmpBuYKcOueOc7Dij_zm-Hv68b6SiDc=s88-c-k-c0x00ffffff-no-rj,https://www.youtube.com/@dewisartika6753,@dewisartika6753,4 tahun yang lalu,https://www.youtube.com/watch?v=rBADbAPn018&lc=Ugybih6z9TF7CULP9LR4AaABAg,"salut sm mas gundul,hampir semuanya pekerjaan bisa dikerjakan sm mas gundul,semangat terus mas gundul"
https://yt3.ggpht.com/ytc/AIdro_kbDrA-LjvupAeHmnkDs245O98iwqdRk08c0Ry7Xgg=s88-c-k-c0x00ffffff-no-rj,https://www.youtube.com/@tutytyetye1205,@tutytyetye1205,4 tahun yang lalu,https://www.youtube.com/watch?v=rBADbAPn018&lc=UgxAPDklX0quqvG6s594AaABAg,"bismillah smga trans7sllu mnayangkn acara"" yg brmnfaat dan mnjadikn motifasi buat sllu indonesia..tuty.tye"
https://yt3.ggpht.com/teGtzyYN5X8jjGQUH_HspyVJxbwjBw9_fpsmkztZtsmX1MgYedSOH1JxoIVp3PjFXm55Xpe_vw=s88-c-k-c0x00ffffff-no-rj,https://www.youtube.com/@kanguohalbantani5205,@kanguohalbantani5205,4 tahun yang lalu,https://www.youtube.com/watch?v=rBADbAPn018&lc=UgwyFmGU625h1m5HQ3d4AaABAg,"Bismillaah,,,Mantap DAROKDOK
Trans7 tetap jaya moga jadi chanel yang di gemari kalangan masyarakat dan moga ka baim dan keluarga moga sehat selalu .dan moga ada rezeki saya IG:kanguoh08"
https://yt3.ggpht.com/ytc/AIdro_k_tG2HI-4S2OoPcGdVdMJ7tVKSyML3nJfRjnvt17g=s88-c-k-c0x00ffffff-no-rj,https://www.youtube.com/@kristipermatasari2876,@kristipermatasari2876,4 tahun yang lalu,https://www.youtube.com/watch?v=rBADbAPn018&lc=UgwdKYRPsFpzGXy-SBt4AaABAg,Wihh ke garutt mok aku gk nyadar sih?
https://yt3.ggpht.com/ytc/AIdro_npk_h_v63N1FjomSNtFAx-BIRfW11k3LUu-wjpKcfAXK8=s88-c-k-c0x00ffffff-no-rj,https://www.youtube.com/@antik_story4583,@antik_story4583,4 tahun yang lalu,https://www.youtube.com/watch?v=rBADbAPn018&lc=Ugy47839oZYH_E-X0WV4AaABAg,Teteh Sri....
https://yt3.ggpht.com/ytc/AIdro_mw0OeJbBB3FnZokEFAleexq_uOI_tb5uE3WRdoNU8=s88-c-k-c0x00ffffff-no-rj,https://www.youtube.com/@ayatruhiyat2605,@ayatruhiyat2605,4 tahun yang lalu,https://www.youtube.com/watch?v=rBADbAPn018&lc=Ugx0XrGNkHJnIqgf0HB4AaABAg&pp=0gcJCSMANpG00pGi,Bismilahirohmanirohim assalamualaikum semuanya ayo maju trus dan smoga sukses slalu amiin drokdok has garut mantap IG ruhiyat hayat 5
https://yt3.ggpht.com/ytc/AIdro_k8XKId1KAVRJvWbkHccO35z6UWaM4JcOTlT-V0qEg=s88-c-k-c0x00ffffff-no-rj,https://www.youtube.com/@miswarcomando8279,@miswarcomando8279,4 tahun yang lalu,https://www.youtube.com/watch?v=rBADbAPn018&lc=Ugzwlrkk4i8O2FHBYXJ4AaABAg,"Acara jejak si gundul banyak memberi kita pengetahuan tentang kuliner mantap trans7 banyak memberi manfaat.
IG.mizwarlamarupa"
https://yt3.ggpht.com/ytc/AIdro_kU4rHXUyIf_kfNvWbl4Mcrsqq6R1sVfzmmtLzzWEA=s88-c-k-c0x00ffffff-no-rj,https://www.youtube.com/@indraariantoarianto9491,@indraariantoarianto9491,4 tahun yang lalu,https://www.youtube.com/watch?v=rBADbAPn018&lc=UgzVJyRB1-8Y4d2NxP14AaABAg,"KREEEEEN SIGUNDUL
acara ini banyak yang bikin kita tau, buat Tans7 Official sukses slalu amiiiiiin....IG indrabatugajah"
https://yt3.ggpht.com/ytc/AIdro_l3LBjJ_NbU_lMJ2xg2OocG4H2l-AuwDjZVTtII_fDloX0=s88-c-k-c0x00ffffff-no-rj,https://www.youtube.com/@iniifa_4803,@iniifa_4803,4 tahun yang lalu,https://www.youtube.com/watch?v=rBADbAPn018&lc=UgwvBAayQ56qykmi4dh4AaABAg,Yang di sumedang kapan tayangnya??
https://yt3.ggpht.com/ytc/AIdro_kFwXPTaV8kwsc_mT3n5ZNeH9RrXhA0Q4XSKtFBsJFbE4Js=s88-c-k-c0x00ffffff-no-rj,https://www.youtube.com/@moigperindusangpajar8288,@moigperindusangpajar8288,4 tahun yang lalu,https://www.youtube.com/watch?v=rBADbAPn018&lc=UgwceIhlyJ4WhNSdYUR4AaABAg,"Jejak si gundul sy sering nonton di tv sy senang nonton film dokumenter  sukses selalu trans7 offecial 
Ig : @irawangamal0"
https://yt3.ggpht.com/ytc/AIdro_l-O2y9LWmjukUQUts8ugTLZym3GFJYzm77_aFDCr8=s88-c-k-c0x00ffffff-no-rj,https://www.youtube.com/@mangoleh504,@mangoleh504,3 tahun yang lalu,https://www.youtube.com/watch?v=rBADbAPn018&lc=UgxI2s63JuD4S4QccOl4AaABAg,Lama sekali ta pengerjaan nya pantesan rasanya enak dan harganya lumayan
https://yt3.ggpht.com/ORDIZQE_45ge5NNKg7mwO7GtvXXQpWKvUb-k3dQyiNhSv2hFYzQnKc70NX8PsHFth5IARuAEMA=s88-c-k-c0x00ffffff-no-rj,https://www.youtube.com/@megavaniahalawa7413,@megavaniahalawa7413,4 tahun yang lalu,https://www.youtube.com/watch?v=rBADbAPn018&lc=UgzjrMbfjq8pkfffPGB4AaABAg,"Prosesnya lama ya....
Baru tau klo dorodog terbuat dari sapi"
,https://www.youtube.com/@nurhaida8698,@nurhaida8698,4 tahun yang lalu,https://www.youtube.com/watch?v=rBADbAPn018&lc=UgwKTcPCc0gwc5HyZG94AaABAg,"Semangat mas gundul...maju trs trans7 makin sukses...aamiin
Ignurhaida_rkt72"
,https://www.youtube.com/@yansbunyamin594,@yansbunyamin594,4 tahun yang lalu,https://www.youtube.com/watch?v=rBADbAPn018&lc=Ugx1EDIfLO6SN4qk6_F4AaABAg,"sukses terus trans 7..semoga menjadi tv no 1 di indonesia dng tayangan2 yg inspiratif
ig:@yansbunyamin"
,https://www.youtube.com/@eet398,@eet398,4 tahun yang lalu,https://www.youtube.com/watch?v=rBADbAPn018&lc=UgzFO0_RcInSeTdikst4AaABAg&pp=0gcJCSMANpG00pGi,
,https://www.youtube.com/@kamilchannelofficial2829,@kamilchannelofficial2829,4 tahun yang lalu,https://www.youtube.com/watch?v=rBADbAPn018&lc=UgxvP7YFv7DkQQhvvMJ4AaABAg,"nonton jejak si gundul bawaannya pengen ngemil terus hehehe ...trans7 tayangan bermanfaat semua sukse terus
ig: kamil_aidansyah9526"
,https://www.youtube.com/@baskarariauteknik6104,@baskarariauteknik6104,4 tahun yang lalu,https://www.youtube.com/watch?v=rBADbAPn018&lc=UgybcLwqgEtFXj0xx7F4AaABAg,"Mas Gundul, apa Dorokdok ini tidak berbahaya untuk di konsumsi ?
Karena tadi untuk merontokkan bulu di kulit memakai cairan khusus .trims"
,https://www.youtube.com/@aankuswara7278,@aankuswara7278,4 tahun yang lalu,https://www.youtube.com/watch?v=rBADbAPn018&lc=UgwqjMk0G0JeGGClTJx4AaABAg,"Bismillahirohmanirohim assalamualaikum, jejak sigundul memberikan banyak inspirasi buat masyarakat indonesia, sukses terus buat trans7

IG farhankoswara"
,https://www.youtube.com/@an8614,@an8614,4 tahun yang lalu,https://www.youtube.com/watch?v=rBADbAPn018&lc=UgwpWZKIGTlPIRmlI7N4AaABAg,"Sukses selalu untuk Trans 7..
Semoga hari ini ada rezekinya amin..
Ig: andiicandy03"
,https://www.youtube.com/@Iridio70,@Iridio70,4 tahun yang lalu,https://www.youtube.com/watch?v=rBADbAPn018&lc=UgwBXFXs6KXj5vBmSCB4AaABAg&pp=0gcJCSMANpG00pGi,hororrrr bahan kimia tuh
,https://www.youtube.com/@InisialBT,@InisialBT,3 tahun yang lalu,https://www.youtube.com/watch?v=rBADbAPn018&lc=UgyBxxf4AnjW9lzWz554AaABAg,"Itu Sudah Kena Bahan Kimia, Bahaya..."
,https://www.youtube.com/@anassotejo4459,@anassotejo4459,4 tahun yang lalu,https://www.youtube.com/watch?v=rBADbAPn018&lc=UgyG9sQ4Q8LhG9Gqb9l4AaABAg,"Cairan perontok bulunya pake apa ya itu,"
,https://www.youtube.com/@detube1665,@detube1665,4 tahun yang lalu,https://www.youtube.com/watch?v=rBADbAPn018&lc=Ugwne8j2kWJRZ-6AzFZ4AaABAg,"Lanjutkan....
IG:suryadindeirwan"
,https://www.youtube.com/@nasrulisharyanto8862,@nasrulisharyanto8862,4 tahun yang lalu,https://www.youtube.com/watch?v=rBADbAPn018&lc=Ugw0Y4SxgC3Rv3TLpD14AaABAg,"Semakin dahsyat acaranya trans7, ig nasrul1854"
,https://www.youtube.com/@juliahasanchannel665,@juliahasanchannel665,4 tahun yang lalu,https://www.youtube.com/watch?v=rBADbAPn018&lc=Ugw2mHy6utHRAziRoot4AaABAg,"Saya suka banget dengam acara jejak si gundul, hampir setiap hr saya lht acaranya di sore hr, nuansa kuliner nusantara yg alami, dan pedesaan, keren acara ini, saya suka saya suka,
Bismillah semoga saya dpt rejeki mlm ini dari allah swt melalui indonesia give away amin/trans7, semoga sehat tim trans7 dan kita semua amin.., semakin maju dan sukses selalu trans7 amin, jgn pernah lelah utk berbagi trans7,  bismillah,
IG: jupe.hasan
081807236369"
https://yt3.ggpht.com/ytc/AIdro_lUxKJKmeaWowZ_oUrmcDc2C52-QmD3AVUHxAZhnQo=s88-c-k-c0x00ffffff-no-rj,https://www.youtube.com/@nurhaida8698,@nurhaida8698,4 tahun yang lalu,https://www.youtube.com/watch?v=rBADbAPn018&lc=UgwKTcPCc0gwc5HyZG94AaABAg,"Semangat mas gundul...maju trs trans7 makin sukses...aamiin
Ignurhaida_rkt72"
https://yt3.ggpht.com/ytc/AIdro_mGqpYmH81ZUeeKDCdLW5Yh3cEFDnNuKZfvHi01leK5CBCa=s88-c-k-c0x00ffffff-no-rj,https://www.youtube.com/@yansbunyamin594,@yansbunyamin594,4 tahun yang lalu,https://www.youtube.com/watch?v=rBADbAPn018&lc=Ugx1EDIfLO6SN4qk6_F4AaABAg,"sukses terus trans 7..semoga menjadi tv no 1 di indonesia dng tayangan2 yg inspiratif
ig:@yansbunyamin"
https://yt3.ggpht.com/lXs4huK-69Uf14erTjizREt1K-GFv44ICyBIS0t7FoR5OsgmBaL-k8yOvnGpTnagLs5NgGbO=s88-c-k-c0x00ffffff-no-rj,https://www.youtube.com/@eet398,@eet398,4 tahun yang lalu,https://www.youtube.com/watch?v=rBADbAPn018&lc=UgzFO0_RcInSeTdikst4AaABAg&pp=0gcJCSMANpG00pGi,
https://yt3.ggpht.com/ytc/AIdro_nsXjKrdjseXzvPm7Yq-MDq6kaSZSoiPawwgXus2klxtQ=s88-c-k-c0x00ffffff-no-rj,https://www.youtube.com/@kamilchannelofficial2829,@kamilchannelofficial2829,4 tahun yang lalu,https://www.youtube.com/watch?v=rBADbAPn018&lc=UgxvP7YFv7DkQQhvvMJ4AaABAg,"nonton jejak si gundul bawaannya pengen ngemil terus hehehe ...trans7 tayangan bermanfaat semua sukse terus
ig: kamil_aidansyah9526"
https://yt3.ggpht.com/ytc/AIdro_nSjE1n7v4IZ5-4m5AuIwL8W_NNCvdutd5Dx-8rDC0e2g=s88-c-k-c0x00ffffff-no-rj,https://www.youtube.com/@baskarariauteknik6104,@baskarariauteknik6104,4 tahun yang lalu,https://www.youtube.com/watch?v=rBADbAPn018&lc=UgybcLwqgEtFXj0xx7F4AaABAg,"Mas Gundul, apa Dorokdok ini tidak berbahaya untuk di konsumsi ?
Karena tadi untuk merontokkan bulu di kulit memakai cairan khusus .trims"
https://yt3.ggpht.com/ytc/AIdro_m1sNThlSe3CynZq2lTQ8Dr4DV2z3Hw6q0zlF_QuKg=s88-c-k-c0x00ffffff-no-rj,https://www.youtube.com/@aankuswara7278,@aankuswara7278,4 tahun yang lalu,https://www.youtube.com/watch?v=rBADbAPn018&lc=UgwqjMk0G0JeGGClTJx4AaABAg,"Bismillahirohmanirohim assalamualaikum, jejak sigundul memberikan banyak inspirasi buat masyarakat indonesia, sukses terus buat trans7

IG farhankoswara"
https://yt3.ggpht.com/mTVKJ0NtUsqAPqTgvrWURbUZJwcsykPUfvx8_t3Tzy2hhIEM5Yogbp3tDCU7Bdx76-KJCwFUYw=s88-c-k-c0x00ffffff-no-rj,https://www.youtube.com/@an8614,@an8614,4 tahun yang lalu,https://www.youtube.com/watch?v=rBADbAPn018&lc=UgwpWZKIGTlPIRmlI7N4AaABAg,"Sukses selalu untuk Trans 7..
Semoga hari ini ada rezekinya amin..
Ig: andiicandy03"
https://yt3.ggpht.com/ytc/AIdro_kN8SJ-DJ0x4_-jeiVs96TCxHcjAoJovPsfFaradoQ=s88-c-k-c0x00ffffff-no-rj,https://www.youtube.com/@Iridio70,@Iridio70,4 tahun yang lalu,https://www.youtube.com/watch?v=rBADbAPn018&lc=UgwBXFXs6KXj5vBmSCB4AaABAg&pp=0gcJCSMANpG00pGi,hororrrr bahan kimia tuh
https://yt3.ggpht.com/4EKkVoGdZKBQWHdbqGffB0wDDBTmxhM4fMbkKzQRw5EfeIFMW6JekUJ5RhUaYc5wA5h3iu2C=s88-c-k-c0x00ffffff-no-rj,https://www.youtube.com/@InisialBT,@InisialBT,3 tahun yang lalu,https://www.youtube.com/watch?v=rBADbAPn018&lc=UgyBxxf4AnjW9lzWz554AaABAg,"Itu Sudah Kena Bahan Kimia, Bahaya..."
https://yt3.ggpht.com/ytc/AIdro_mZOH8jVweGfzJBRm2epLFoOzymKJoUssbs_rCODg=s88-c-k-c0x00ffffff-no-rj,https://www.youtube.com/@anassotejo4459,@anassotejo4459,4 tahun yang lalu,https://www.youtube.com/watch?v=rBADbAPn018&lc=UgyG9sQ4Q8LhG9Gqb9l4AaABAg,"Cairan perontok bulunya pake apa ya itu,"
https://yt3.ggpht.com/Eoq7EvajsHzrlLSXQePWUWC08y7NMCdWwTDumbkvey8DYxzmJMMM1touC3gFdx72C5AqHQb7U4I=s88-c-k-c0x00ffffff-no-rj,https://www.youtube.com/@detube1665,@detube1665,4 tahun yang lalu,https://www.youtube.com/watch?v=rBADbAPn018&lc=Ugwne8j2kWJRZ-6AzFZ4AaABAg,"Lanjutkan....
IG:suryadindeirwan"
https://yt3.ggpht.com/ytc/AIdro_k0I5U8tEgHYlJHs0FzxD0Pruvp8NMykcDSHzY9MVs=s88-c-k-c0x00ffffff-no-rj,https://www.youtube.com/@nasrulisharyanto8862,@nasrulisharyanto8862,4 tahun yang lalu,https://www.youtube.com/watch?v=rBADbAPn018&lc=Ugw0Y4SxgC3Rv3TLpD14AaABAg,"Semakin dahsyat acaranya trans7, ig nasrul1854"
https://yt3.ggpht.com/BCwdrvJ6pCOkO7yAvjazCFsmV0IIWtVYMHMEqdul_79VHzY5Y2djtmaPJ6WxDN0u8fIIc0Cn=s88-c-k-c0x00ffffff-no-rj,https://www.youtube.com/@juliahasanchannel665,@juliahasanchannel665,4 tahun yang lalu,https://www.youtube.com/watch?v=rBADbAPn018&lc=Ugw2mHy6utHRAziRoot4AaABAg,"Saya suka banget dengam acara jejak si gundul, hampir setiap hr saya lht acaranya di sore hr, nuansa kuliner nusantara yg alami, dan pedesaan, keren acara ini, saya suka saya suka,
Bismillah semoga saya dpt rejeki mlm ini dari allah swt melalui indonesia give away amin/trans7, semoga sehat tim trans7 dan kita semua amin.., semakin maju dan sukses selalu trans7 amin, jgn pernah lelah utk berbagi trans7,  bismillah,
IG: jupe.hasan
081807236369"
https://yt3.ggpht.com/ytc/AIdro_nu9yMCZ71aa1c_x3t0N7QQbEcji1GLJ__As91Rnd0E2Q=s88-c-k-c0x00ffffff-no-rj,https://www.youtube.com/@dhevydhevyindriyani6203,@dhevydhevyindriyani6203,4 tahun yang lalu,https://www.youtube.com/watch?v=rBADbAPn018&lc=UgySplfIOPyrJpQaSVh4AaABAg,"Mas gandul.  Saya mau tanya mas gantul itu udh berkluarga apa belum . Sm km ga slalj d beri ksehatan ya..  Trans7 sukses terus.  
Ig indriyanidevhie"
https://yt3.ggpht.com/ytc/AIdro_l5FNRZBUrF1Y4HhKyVIyUf5q1ThRDEuP_idUngEo9_aE0=s88-c-k-c0x00ffffff-no-rj,https://www.youtube.com/@abdemaulana9528,@abdemaulana9528,4 tahun yang lalu,https://www.youtube.com/watch?v=rBADbAPn018&lc=Ugypx0ajMX9TEbX3tSR4AaABAg,Basmallah semoga menang dan berkah @septianakbar_26  7 emang Oke
https://yt3.ggpht.com/sUIJ6VukOkA0omvcERug-hEpS7QzXUwxCfm_38A8J8LIz-v4-qxe1zNupLpR587xmCIBfr2BQg=s88-c-k-c0x00ffffff-no-rj,https://www.youtube.com/@alfanhidayat99,@alfanhidayat99,4 tahun yang lalu,https://www.youtube.com/watch?v=rBADbAPn018&lc=Ugy23oLhdpwCT985ZI54AaABAg,Teh sri
https://yt3.ggpht.com/ytc/AIdro_mHRAA0yG9X8NOKsamND7QMldJD1JvovEqqOp2YDGADKg=s88-c-k-c0x00ffffff-no-rj,https://www.youtube.com/@sayasuma7933,@sayasuma7933,4 tahun yang lalu,https://www.youtube.com/watch?v=rBADbAPn018&lc=UgzdTX3UOE3gxG8mdQt4AaABAg,
https://yt3.ggpht.com/ytc/AIdro_kqnqz9g912p-sfANbI4SrDmQckPeFyYSHVvd4IECuM=s88-c-k-c0x00ffffff-no-rj,https://www.youtube.com/@monneysu4218,@monneysu4218,4 tahun yang lalu,https://www.youtube.com/watch?v=rBADbAPn018&lc=UgyRYhPvYfrrMogk5LZ4AaABAg&pp=0gcJCSMANpG00pGi,"Bismillah never to surrender, success for you and your family, just only one time Aamiin ig Monney su"
,https://www.youtube.com/@nuranisah452,@nuranisah452,4 tahun yang lalu,https://www.youtube.com/watch?v=rBADbAPn018&lc=UgyIYubn4qbvTq8j8Hh4AaABAg,Bismilah
,https://www.youtube.com/@muammarkhadafi3579,@muammarkhadafi3579,3 tahun yang lalu,https://www.youtube.com/watch?v=rBADbAPn018&lc=Ugw0nGbRcYC2VgfN7xt4AaABAg&pp=0gcJCSMANpG00pGi,Info lokasi pabrik dorokdoknya dong‚Ä¶ makasih‚Ä¶
,https://www.youtube.com/@sitihodijah78,@sitihodijah78,4 tahun yang lalu,https://www.youtube.com/watch?v=rBADbAPn018&lc=UgzeEfx0avb2qj2x1cR4AaABAg,ya alloh memang susa cari uang yg halal tapi dapat rido alloh .semoga berka ya pk .ig kho _tija
,https://www.youtube.com/@yohanaroson7564,@yohanaroson7564,4 tahun yang lalu,https://www.youtube.com/watch?v=rBADbAPn018&lc=UgwHFP6ZYA_iNLh2wjl4AaABAg,"Semangattt ya pak semoga usahax sukses selalu Amin
Ig:rosonyohana"
,https://www.youtube.com/@zakkigitta8572,@zakkigitta8572,4 tahun yang lalu,https://www.youtube.com/watch?v=rBADbAPn018&lc=UgzijL0_XoAB9VEvI2t4AaABAg&pp=0gcJCSMANpG00pGi,"Bismillahirrahmanirrahim
Makin sukses buat trans7 teruslah menayangkan berita yg bermanfaat mendidik dan menghibur
Ig.royanih-ani"
,https://www.youtube.com/@pakjoy,@pakjoy,4 tahun yang lalu,https://www.youtube.com/watch?v=rBADbAPn018&lc=UgzOUbXz-3HVTfyupah4AaABAg,"Bismillahirrohmanirrohim, semoga menang hari ini, aamiin ya Allah"
,https://www.youtube.com/@petrusyurnalis398,@petrusyurnalis398,4 tahun yang lalu,https://www.youtube.com/watch?v=rBADbAPn018&lc=UgyaKleL-2j5JWduG2h4AaABAg,Semangat trus tayangan Trans7 dan tetap berjaya Ig.petrus yurnalis
,https://www.youtube.com/@fitrianggraeni3281,@fitrianggraeni3281,4 tahun yang lalu,https://www.youtube.com/watch?v=rBADbAPn018&lc=Ugwtg4ktf3VtFOYDv5R4AaABAg,"Ternyata bikin dorokdok proses nya lumayan memakan waktu ya, kalau musim penghujan gmn ngejemurnya  ig: fitrianggraeni59"
,https://www.youtube.com/@egi8039,@egi8039,4 tahun yang lalu,https://www.youtube.com/watch?v=rBADbAPn018&lc=UgwUEQL7hskgt7XODe54AaABAg,"Bismillah... 
Semoga berkah dan tambah sukses ya bossqeeuu.. 
Ig : iyemegi"
,https://www.youtube.com/@nurata9374,@nurata9374,4 tahun yang lalu,https://www.youtube.com/watch?v=rBADbAPn018&lc=UgySPMqtwGpwtahLxkd4AaABAg,"Salfok sama yang goreng ,bisa cantik dan putih  gitu,pdahal tiap hari kena panas ...ig nur_ata46"
,https://www.youtube.com/@fadilfaturahman3680,@fadilfaturahman3680,4 tahun yang lalu,https://www.youtube.com/watch?v=rBADbAPn018&lc=UgyL-vuTii8PVh0SRFB4AaABAg,"Assalamu'alaikum Trans7 sukses selalu dan teruslah menampilkan tayangan positif untuk masyarakat..

Bismillah semoga ada rejeki
IG:@MayangCapello"
,https://www.youtube.com/@ruslaniibnu8910,@ruslaniibnu8910,4 tahun yang lalu,https://www.youtube.com/watch?v=rBADbAPn018&lc=Ugwd4l6SjdRdo5zJ-ah4AaABAg,"Bismillah...semoga rezeki saya aamiin.
 @ibnu.ruslani.71
Sukses slalu"
,https://www.youtube.com/@siswantichanel1977,@siswantichanel1977,4 tahun yang lalu,https://www.youtube.com/watch?v=rBADbAPn018&lc=Ugzoee9DcGXkk-txw1x4AaABAg,"Bismillahirrohmannirrohiim,Assalamualaikum,jejak si gundul,jd saya tahu yg sy blm pernah tahu sm skli,kayak buat krupuk kulit ini, ig @siswantiajja"
,https://www.youtube.com/@arasalhady9125,@arasalhady9125,4 tahun yang lalu,https://www.youtube.com/watch?v=rBADbAPn018&lc=Ugy0G17kMtzA9qm5Hj94AaABAg,"Ya Allah semoga menang 
@arasalhady 1520"
,https://www.youtube.com/@littlegirlgonebad7902,@littlegirlgonebad7902,4 tahun yang lalu,https://www.youtube.com/watch?v=rBADbAPn018&lc=UgwrE4sPo1rIOYyPVJt4AaABAg,Cairan khusus perontok bulu sapi nya apa ya?bahan kimia?
https://yt3.ggpht.com/ytc/AIdro_k6YyQhWC0F7DmAxgAaswy44UxBo6Fg59jdZYIBPNI=s88-c-k-c0x00ffffff-no-rj,https://www.youtube.com/@nuranisah452,@nuranisah452,4 tahun yang lalu,https://www.youtube.com/watch?v=rBADbAPn018&lc=UgyIYubn4qbvTq8j8Hh4AaABAg,Bismilah
https://yt3.ggpht.com/ytc/AIdro_nnlOmHJEjDKX-si8UnDWRlHwAPmPO8_mf63FQF6yVrlI8=s88-c-k-c0x00ffffff-no-rj,https://www.youtube.com/@muammarkhadafi3579,@muammarkhadafi3579,3 tahun yang lalu,https://www.youtube.com/watch?v=rBADbAPn018&lc=Ugw0nGbRcYC2VgfN7xt4AaABAg&pp=0gcJCSMANpG00pGi,Info lokasi pabrik dorokdoknya dong‚Ä¶ makasih‚Ä¶
https://yt3.ggpht.com/ytc/AIdro_mGb2yeCVS_iK1jelqS8-MIY4y84neJ5ziSi0keDTI=s88-c-k-c0x00ffffff-no-rj,https://www.youtube.com/@sitihodijah78,@sitihodijah78,4 tahun yang lalu,https://www.youtube.com/watch?v=rBADbAPn018&lc=UgzeEfx0avb2qj2x1cR4AaABAg,ya alloh memang susa cari uang yg halal tapi dapat rido alloh .semoga berka ya pk .ig kho _tija
https://yt3.ggpht.com/ytc/AIdro_k-5m0_FZLoVNAU9fUcXRBtutiXXPQ8BNgySh3XqTc=s88-c-k-c0x00ffffff-no-rj,https://www.youtube.com/@yohanaroson7564,@yohanaroson7564,4 tahun yang lalu,https://www.youtube.com/watch?v=rBADbAPn018&lc=UgwHFP6ZYA_iNLh2wjl4AaABAg,"Semangattt ya pak semoga usahax sukses selalu Amin
Ig:rosonyohana"
https://yt3.ggpht.com/ytc/AIdro_lClcBrdhyYoqAwt5Y5YK2zpHMe2Avt0Vt4baoiIYs=s88-c-k-c0x00ffffff-no-rj,https://www.youtube.com/@zakkigitta8572,@zakkigitta8572,4 tahun yang lalu,https://www.youtube.com/watch?v=rBADbAPn018&lc=UgzijL0_XoAB9VEvI2t4AaABAg&pp=0gcJCSMANpG00pGi,"Bismillahirrahmanirrahim
Makin sukses buat trans7 teruslah menayangkan berita yg bermanfaat mendidik dan menghibur
Ig.royanih-ani"
https://yt3.ggpht.com/ytc/AIdro_k7tU8B-qcA0V73IRMEEG-dEd8A050EXiNd5iI_ULPTjEY=s88-c-k-c0x00ffffff-no-rj,https://www.youtube.com/@pakjoy,@pakjoy,4 tahun yang lalu,https://www.youtube.com/watch?v=rBADbAPn018&lc=UgzOUbXz-3HVTfyupah4AaABAg,"Bismillahirrohmanirrohim, semoga menang hari ini, aamiin ya Allah"
https://yt3.ggpht.com/ytc/AIdro_l1Qw1TWMtQMuRA9qtv-ekTyGHDw8a1wTZSnovO0HA=s88-c-k-c0x00ffffff-no-rj,https://www.youtube.com/@petrusyurnalis398,@petrusyurnalis398,4 tahun yang lalu,https://www.youtube.com/watch?v=rBADbAPn018&lc=UgyaKleL-2j5JWduG2h4AaABAg,Semangat trus tayangan Trans7 dan tetap berjaya Ig.petrus yurnalis
https://yt3.ggpht.com/ytc/AIdro_l9O_n7vAEVsPxVpbB7-cGkHqdXaXS7KlY04A9t929z9g=s88-c-k-c0x00ffffff-no-rj,https://www.youtube.com/@fitrianggraeni3281,@fitrianggraeni3281,4 tahun yang lalu,https://www.youtube.com/watch?v=rBADbAPn018&lc=Ugwtg4ktf3VtFOYDv5R4AaABAg,"Ternyata bikin dorokdok proses nya lumayan memakan waktu ya, kalau musim penghujan gmn ngejemurnya  ig: fitrianggraeni59"
https://yt3.ggpht.com/vvySiJfZpY_lib2vaj9uFW_4E8_GaWq2czWM_7Jh8XS9DARvySpTFJD6SlNLb0j2qUUBSfp9gQ=s88-c-k-c0x00ffffff-no-rj,https://www.youtube.com/@egi8039,@egi8039,4 tahun yang lalu,https://www.youtube.com/watch?v=rBADbAPn018&lc=UgwUEQL7hskgt7XODe54AaABAg,"Bismillah... 
Semoga berkah dan tambah sukses ya bossqeeuu.. 
Ig : iyemegi"
https://yt3.ggpht.com/ytc/AIdro_mIP-D61FFtWzVtCpviKPhmvYd7CJ-OBA_jwpCRpvYvwh8=s88-c-k-c0x00ffffff-no-rj,https://www.youtube.com/@nurata9374,@nurata9374,4 tahun yang lalu,https://www.youtube.com/watch?v=rBADbAPn018&lc=UgySPMqtwGpwtahLxkd4AaABAg,"Salfok sama yang goreng ,bisa cantik dan putih  gitu,pdahal tiap hari kena panas ...ig nur_ata46"
https://yt3.ggpht.com/ytc/AIdro_kpRRP_3SHnlI3AFAiI3sK81BNZsUy9esET8iIRryQ=s88-c-k-c0x00ffffff-no-rj,https://www.youtube.com/@fadilfaturahman3680,@fadilfaturahman3680,4 tahun yang lalu,https://www.youtube.com/watch?v=rBADbAPn018&lc=UgyL-vuTii8PVh0SRFB4AaABAg,"Assalamu'alaikum Trans7 sukses selalu dan teruslah menampilkan tayangan positif untuk masyarakat..

Bismillah semoga ada rejeki
IG:@MayangCapello"
https://yt3.ggpht.com/-MJEJ1GwV8SW9tIiU685rxqoVlA_WF-b_uxLIiusffU-JyUmx1GW2bXEXvKApPPBHDKyvf8TRA=s88-c-k-c0x00ffffff-no-rj,https://www.youtube.com/@ruslaniibnu8910,@ruslaniibnu8910,4 tahun yang lalu,https://www.youtube.com/watch?v=rBADbAPn018&lc=Ugwd4l6SjdRdo5zJ-ah4AaABAg,"Bismillah...semoga rezeki saya aamiin.
 @ibnu.ruslani.71
Sukses slalu"
https://yt3.ggpht.com/ytc/AIdro_kGMB6_nBjLU9Ndn1h9KDPLytLi0zLQwU9koQsxF1NYYQ=s88-c-k-c0x00ffffff-no-rj,https://www.youtube.com/@siswantichanel1977,@siswantichanel1977,4 tahun yang lalu,https://www.youtube.com/watch?v=rBADbAPn018&lc=Ugzoee9DcGXkk-txw1x4AaABAg,"Bismillahirrohmannirrohiim,Assalamualaikum,jejak si gundul,jd saya tahu yg sy blm pernah tahu sm skli,kayak buat krupuk kulit ini, ig @siswantiajja"
https://yt3.ggpht.com/glGo9Nm_XJ1rwvQEkqzZb0m4eA6XooPXrfRBY-F8mhihBROIyT_4pL1gvAhSEHFIczBo-wKS3Q=s88-c-k-c0x00ffffff-no-rj,https://www.youtube.com/@arasalhady9125,@arasalhady9125,4 tahun yang lalu,https://www.youtube.com/watch?v=rBADbAPn018&lc=Ugy0G17kMtzA9qm5Hj94AaABAg,"Ya Allah semoga menang 
@arasalhady 1520"
https://yt3.ggpht.com/ytc/AIdro_nq1VO0YQ_5W7T2lTsXnCHgGTGRhHnayz7c0BKAqzo_o8w=s88-c-k-c0x00ffffff-no-rj,https://www.youtube.com/@littlegirlgonebad7902,@littlegirlgonebad7902,4 tahun yang lalu,https://www.youtube.com/watch?v=rBADbAPn018&lc=UgwrE4sPo1rIOYyPVJt4AaABAg,Cairan khusus perontok bulu sapi nya apa ya?bahan kimia?
https://yt3.ggpht.com/ytc/AIdro_nRSWTj-lpsXPm6yKte-3HjaOaGzh9xjn--i_CHgJQuYsg=s88-c-k-c0x00ffffff-no-rj,https://www.youtube.com/@deandraidtv3214,@deandraidtv3214,4 tahun yang lalu,https://www.youtube.com/watch?v=rBADbAPn018&lc=UgzmOwczVDatJfpLG2N4AaABAg,"Saya selalu nonton acara si gundul di tv  
Ig candrafamily01"
https://yt3.ggpht.com/ytc/AIdro_kwVPqcHuOOGctrjPNZ0f1VA6wV-QWff4XeIxjceqDWSA=s88-c-k-c0x00ffffff-no-rj,https://www.youtube.com/@eviniapulpis6490,@eviniapulpis6490,4 tahun yang lalu,https://www.youtube.com/watch?v=rBADbAPn018&lc=Ugy9W8O9aR-6Cn9eod14AaABAg,Semoga menang amin amin @evinia_anthy
https://yt3.ggpht.com/ytc/AIdro_kwxvudCc6QzQtHfpSXSIbiy-KODUgzuiwIXhG-vnZRzVg=s88-c-k-c0x00ffffff-no-rj,https://www.youtube.com/@daniraihan9133,@daniraihan9133,4 tahun yang lalu,https://www.youtube.com/watch?v=rBADbAPn018&lc=Ugydnm7uRdMIvCtEPa94AaABAg&pp=0gcJCSMANpG00pGi,@daniraihan928
https://yt3.ggpht.com/5CNwP31UICfDn_nDNFb7d-LgnIygzXu5qFosokPKTl1jic52riBaZoja9WaIfgsEzNJ_hTv5-Q=s88-c-k-c0x00ffffff-no-rj,https://www.youtube.com/@vladniki157,@vladniki157,4 tahun yang lalu,https://www.youtube.com/watch?v=rBADbAPn018&lc=Ugxot1x8SZHFnWNXt7l4AaABAg,"Bismillah Semoga menang dan dapat rezeki. Jika saya menang rezekinya Buat anak dan istri saya aamiin yarobal alamin.

Ig: Rusian ar"
https://yt3.ggpht.com/RUmqgE9jGKivOwovKWd5dNruDwceE4qAsoZArwccLqh767Cc0X2Y4TphhFoMwgBIMrbSDh6X4Q=s88-c-k-c0x00ffffff-no-rj,https://www.youtube.com/@Anin_0097,@Anin_0097,4 tahun yang lalu,https://www.youtube.com/watch?v=rBADbAPn018&lc=Ugzfd9d9oMRAe8xbO-94AaABAg,Bismillahirrahmanirrahim. Semoga rezeki saya malam ini lewat Indonesia give away Trans7. Selalu sukses dan makin maju untuk Trans7 karena sudah menghadirkan acara yang positif dan menginspirasi. @asyifaakhilaputri
https://yt3.ggpht.com/ytc/AIdro_ndOwI8uUUGWnkdDO99ftwuBEOy6EcTcW8bkVlj3sC73A=s88-c-k-c0x00ffffff-no-rj,https://www.youtube.com/@tiustvmks9503,@tiustvmks9503,4 tahun yang lalu,https://www.youtube.com/watch?v=rBADbAPn018&lc=UgwP888Elzs5UwZuP414AaABAg,Yang supprt chenel aku pasti amanah
https://yt3.ggpht.com/ytc/AIdro_kAi2S3tPW3VhjGSf7DDztkeVLe5caK5dBM79yvCj8=s88-c-k-c0x00ffffff-no-rj,https://www.youtube.com/@evahliana275,@evahliana275,4 tahun yang lalu,https://www.youtube.com/watch?v=rBADbAPn018&lc=Ugy3u2e_DgdzP4wCtc94AaABAg,"sukses terus untuk trans7
bismilah menang@evah1608"
,https://www.youtube.com/@playernoob-112,@playernoob-112,4 tahun yang lalu,https://www.youtube.com/watch?v=rBADbAPn018&lc=Ugy_BrISC1W7wru4jbh4AaABAg,"Sukses trs 
Ig@ Ozank_putera"
,https://www.youtube.com/@miswarcomando8279,@miswarcomando8279,4 tahun yang lalu,https://www.youtube.com/watch?v=rBADbAPn018&lc=UgzpqVwW5kYpffPi91N4AaABAg,"Banyak menambah pengetahuan tentang pengolahan kulit sapi mantap trans7.
IG.mizwarlamarupa"
,https://www.youtube.com/@SultanKhan-lu8ug,@SultanKhan-lu8ug,4 tahun yang lalu,https://www.youtube.com/watch?v=rBADbAPn018&lc=UgzZ-gUGMs9ndREdZOd4AaABAg,"Bismillah..
Makin sukses dan jaya Trans
Ig sult.ankhan83"
,https://www.youtube.com/@brobeccabrobecca2723,@brobeccabrobecca2723,4 tahun yang lalu,https://www.youtube.com/watch?v=rBADbAPn018&lc=UgzFp5VLpJgx948EL194AaABAg,"Assalamualaikum bodQyue...
Ig c cecep"
,https://www.youtube.com/@ellreer8883,@ellreer8883,4 tahun yang lalu,https://www.youtube.com/watch?v=rBADbAPn018&lc=Ugy4TeX0OaWet4RKNuh4AaABAg,"Bismillah,smoga maju trus,acranya kren & bermanpaat.
Smoga kami menang.
Ig.puput maulaazqiya"
,https://www.youtube.com/@PandaChanel-jo6wu,@PandaChanel-jo6wu,4 tahun yang lalu,https://www.youtube.com/watch?v=rBADbAPn018&lc=UgxouvbRc7AUYhBbLMN4AaABAg,"Bissmilah Semoga kita semua selalu dapat keberkahan dan rejeki yg melimpah amiinnn
IG: @carsipan84"
,https://www.youtube.com/@ironechanel3835,@ironechanel3835,4 tahun yang lalu,https://www.youtube.com/watch?v=rBADbAPn018&lc=UgxHDJwHHiERqdv6Jex4AaABAg,"Bismilahirohmanirohim..
Aslmualikum..slmat pagi trans7..pokonya trans7 TOP lah..
IG.empewnawri"
,https://www.youtube.com/@aryosuri2581,@aryosuri2581,4 tahun yang lalu,https://www.youtube.com/watch?v=rBADbAPn018&lc=Ugzx7nnaFmnwqncXgQJ4AaABAg,"Mantulll,,IG:@aryosurry"
,https://www.youtube.com/@putriniken713,@putriniken713,4 tahun yang lalu,https://www.youtube.com/watch?v=rBADbAPn018&lc=UgxIC9G2C3OgsSl4bTx4AaABAg,"Bismillahirrahmanirrahim  
Sukses selalu trans 7  
Ig: PutriNiken._"
,https://www.youtube.com/@SitiFatimah-qk7dk,@SitiFatimah-qk7dk,4 tahun yang lalu,https://www.youtube.com/watch?v=rBADbAPn018&lc=UgwlXICxmp1Tg_cdWQd4AaABAg,Jaya terus trans7 official                      IG si.tifatimah 254
,https://www.youtube.com/@putrysari7967,@putrysari7967,4 tahun yang lalu,https://www.youtube.com/watch?v=rBADbAPn018&lc=UgxNdPm-LkIXEXI1jdd4AaABAg,"Teruslah selalu memberikan siaran motifasi dan pembelajaran Trans7....
Agar semua masyarakat dpt melihat msh ada org yg butuh pertolongan...
Semoga malam ini rezeki saya dpt Giveaway mas Baim....
Ig @putrysari606"
,https://www.youtube.com/@misbahchisty3893,@misbahchisty3893,4 tahun yang lalu (diedit),https://www.youtube.com/watch?v=rBADbAPn018&lc=Ugwew2jucxYtxIaJ7iZ4AaABAg&pp=0gcJCSMANpG00pGi,"Bismillah...semoga sukses selalu trans 7....aamiin
Ig:misbah4995"
,https://www.youtube.com/@derekdekiwaelaruno6274,@derekdekiwaelaruno6274,4 tahun yang lalu,https://www.youtube.com/watch?v=rBADbAPn018&lc=UgwHuHNFVqcnW9DtMMN4AaABAg&pp=0gcJCSMANpG00pGi,"Trans7 the best konten..



IG.Waelarunodecky"
https://yt3.ggpht.com/wFDdoKC7ErP2V6kz_rpqn-WkttLUN-C3etpzv2xVwb3iEUNNb2mdRRFlL8Y8HCSdyxcTnMrZWw=s88-c-k-c0x00ffffff-no-rj,https://www.youtube.com/@playernoob-112,@playernoob-112,4 tahun yang lalu,https://www.youtube.com/watch?v=rBADbAPn018&lc=Ugy_BrISC1W7wru4jbh4AaABAg,"Sukses trs 
Ig@ Ozank_putera"
https://yt3.ggpht.com/ytc/AIdro_k8XKId1KAVRJvWbkHccO35z6UWaM4JcOTlT-V0qEg=s88-c-k-c0x00ffffff-no-rj,https://www.youtube.com/@miswarcomando8279,@miswarcomando8279,4 tahun yang lalu,https://www.youtube.com/watch?v=rBADbAPn018&lc=UgzpqVwW5kYpffPi91N4AaABAg,"Banyak menambah pengetahuan tentang pengolahan kulit sapi mantap trans7.
IG.mizwarlamarupa"
https://yt3.ggpht.com/ytc/AIdro_kga6u_Oz0w442eVVIyqcLhj0s1W9lKsuBaF5dLmCk=s88-c-k-c0x00ffffff-no-rj,https://www.youtube.com/@SultanKhan-lu8ug,@SultanKhan-lu8ug,4 tahun yang lalu,https://www.youtube.com/watch?v=rBADbAPn018&lc=UgzZ-gUGMs9ndREdZOd4AaABAg,"Bismillah..
Makin sukses dan jaya Trans
Ig sult.ankhan83"
https://yt3.ggpht.com/ytc/AIdro_mgH6V79ZzXNAbUzC59ZFa49ezTbG7Iosgk0LsQokUSmA=s88-c-k-c0x00ffffff-no-rj,https://www.youtube.com/@brobeccabrobecca2723,@brobeccabrobecca2723,4 tahun yang lalu,https://www.youtube.com/watch?v=rBADbAPn018&lc=UgzFp5VLpJgx948EL194AaABAg,"Assalamualaikum bodQyue...
Ig c cecep"
https://yt3.ggpht.com/ytc/AIdro_nLh4vJvLeS1GSVa8MFOSroRr_sSdKrFwbubtEeLWKgkA=s88-c-k-c0x00ffffff-no-rj,https://www.youtube.com/@ellreer8883,@ellreer8883,4 tahun yang lalu,https://www.youtube.com/watch?v=rBADbAPn018&lc=Ugy4TeX0OaWet4RKNuh4AaABAg,"Bismillah,smoga maju trus,acranya kren & bermanpaat.
Smoga kami menang.
Ig.puput maulaazqiya"
https://yt3.ggpht.com/K_MlOEeONfXve5WnJpUF9amkPuIZ93ekfSph1k3l2mqQg6dWwlOZScbPh4M2dimK5OrUu68ZRg=s88-c-k-c0x00ffffff-no-rj,https://www.youtube.com/@PandaChanel-jo6wu,@PandaChanel-jo6wu,4 tahun yang lalu,https://www.youtube.com/watch?v=rBADbAPn018&lc=UgxouvbRc7AUYhBbLMN4AaABAg,"Bissmilah Semoga kita semua selalu dapat keberkahan dan rejeki yg melimpah amiinnn
IG: @carsipan84"
https://yt3.ggpht.com/7JElJctSdD5EddfOnN24eCGTahqb14BoX6hgGOxw6p1YRbPr5YFhnelc6XtLunJw5HYR5dTJ=s88-c-k-c0x00ffffff-no-rj,https://www.youtube.com/@ironechanel3835,@ironechanel3835,4 tahun yang lalu,https://www.youtube.com/watch?v=rBADbAPn018&lc=UgxHDJwHHiERqdv6Jex4AaABAg,"Bismilahirohmanirohim..
Aslmualikum..slmat pagi trans7..pokonya trans7 TOP lah..
IG.empewnawri"
https://yt3.ggpht.com/ytc/AIdro_kZONDfPI-PMk4WdCyJ68TPBbnScHfZVWWcCz9ReKs=s88-c-k-c0x00ffffff-no-rj,https://www.youtube.com/@aryosuri2581,@aryosuri2581,4 tahun yang lalu,https://www.youtube.com/watch?v=rBADbAPn018&lc=Ugzx7nnaFmnwqncXgQJ4AaABAg,"Mantulll,,IG:@aryosurry"
https://yt3.ggpht.com/ytc/AIdro_nSc3Q5eZ4F1dz0NCnhLaIxljoNnGV1-Kv8iOwvNf9dXw=s88-c-k-c0x00ffffff-no-rj,https://www.youtube.com/@putriniken713,@putriniken713,4 tahun yang lalu,https://www.youtube.com/watch?v=rBADbAPn018&lc=UgxIC9G2C3OgsSl4bTx4AaABAg,"Bismillahirrahmanirrahim  
Sukses selalu trans 7  
Ig: PutriNiken._"
https://yt3.ggpht.com/ytc/AIdro_mbnBkIIorWSpwartJFJRZPfRTyWuVDRBGmvu0Se2I=s88-c-k-c0x00ffffff-no-rj,https://www.youtube.com/@SitiFatimah-qk7dk,@SitiFatimah-qk7dk,4 tahun yang lalu,https://www.youtube.com/watch?v=rBADbAPn018&lc=UgwlXICxmp1Tg_cdWQd4AaABAg,Jaya terus trans7 official                      IG si.tifatimah 254
https://yt3.ggpht.com/ytc/AIdro_mDTkGDtgvw-gHZw8Tud5A-fzPAj4U6BtqsTiQkQ1Y=s88-c-k-c0x00ffffff-no-rj,https://www.youtube.com/@putrysari7967,@putrysari7967,4 tahun yang lalu,https://www.youtube.com/watch?v=rBADbAPn018&lc=UgxNdPm-LkIXEXI1jdd4AaABAg,"Teruslah selalu memberikan siaran motifasi dan pembelajaran Trans7....
Agar semua masyarakat dpt melihat msh ada org yg butuh pertolongan...
Semoga malam ini rezeki saya dpt Giveaway mas Baim....
Ig @putrysari606"
https://yt3.ggpht.com/ytc/AIdro_lrhNerD-CK9Cn7gFx9FKXvrnEN6TPGUlKEIP1liEs=s88-c-k-c0x00ffffff-no-rj,https://www.youtube.com/@misbahchisty3893,@misbahchisty3893,4 tahun yang lalu (diedit),https://www.youtube.com/watch?v=rBADbAPn018&lc=Ugwew2jucxYtxIaJ7iZ4AaABAg&pp=0gcJCSMANpG00pGi,"Bismillah...semoga sukses selalu trans 7....aamiin
Ig:misbah4995"
https://yt3.ggpht.com/ytc/AIdro_ljphSJhVIAyTBu45pmPr5cKhBudM68zORAT-HXNG4=s88-c-k-c0x00ffffff-no-rj,https://www.youtube.com/@derekdekiwaelaruno6274,@derekdekiwaelaruno6274,4 tahun yang lalu,https://www.youtube.com/watch?v=rBADbAPn018&lc=UgwHuHNFVqcnW9DtMMN4AaABAg&pp=0gcJCSMANpG00pGi,"Trans7 the best konten..



IG.Waelarunodecky"
https://yt3.ggpht.com/uRj9YyVgDDTP47wssiH3Fqj_fiwmGiskoGHcYR6CIqGl9Pxj2utEWqC0RJrHETiibZYubX3sKw=s88-c-k-c0x00ffffff-no-rj,https://www.youtube.com/@MuhammadIqbal-xi2vp,@MuhammadIqbal-xi2vp,4 tahun yang lalu,https://www.youtube.com/watch?v=rBADbAPn018&lc=UgwqBhpRFU2prFt10PR4AaABAg,"Bismillahirrohmanirrohm
Mantap sukses trus buat trans7

Ig.efendi3131"
https://yt3.ggpht.com/ytc/AIdro_mJNXmFkI0ZYAzHG0QIm4xKRiPOEVwsxKCHmdDexAP41A=s88-c-k-c0x00ffffff-no-rj,https://www.youtube.com/@candrakarya5753,@candrakarya5753,4 tahun yang lalu,https://www.youtube.com/watch?v=rBADbAPn018&lc=UgxpQ-MghgSNWJZfuCp4AaABAg,Wow mantep trans7.. IG: lampuhias_candrakarya
https://yt3.ggpht.com/ytc/AIdro_k9d9UIV1_iW0hH7dsMBPKygdv1Orgl6aULmS8wQE4=s88-c-k-c0x00ffffff-no-rj,https://www.youtube.com/@cilla-susanadohong3162,@cilla-susanadohong3162,4 tahun yang lalu,https://www.youtube.com/watch?v=rBADbAPn018&lc=UgzYiEZrrto6_WH5bJV4AaABAg,"Sukses terus Trans7
Ig.susana_edohong"
https://yt3.ggpht.com/ytc/AIdro_mnZe9XeS9VPrQK6ZwimndbJSsfysVVizSmjMNraBSqcEE=s88-c-k-c0x00ffffff-no-rj,https://www.youtube.com/@ramadhanychandrachalim2283,@ramadhanychandrachalim2283,4 tahun yang lalu,https://www.youtube.com/watch?v=rBADbAPn018&lc=Ugzt0o8tXS6ot0ILo114AaABAg,"Mantap , ig moch chalimi477"
https://yt3.ggpht.com/ytc/AIdro_lJlF2k1XqnbpnyIIvG2Obx6EO28gAL83q-lgzczqTPjQ=s88-c-k-c0x00ffffff-no-rj,https://www.youtube.com/@nuzul95,@nuzul95,4 tahun yang lalu,https://www.youtube.com/watch?v=rBADbAPn018&lc=Ugw1NliP0Pp9tjSVZth4AaABAg,"Sigundul mantap..
Ig, nuzul0888"
https://yt3.ggpht.com/ytc/AIdro_mUVO2s-EeGRluxXg_wru8tGdADsYjGISh9seJ7qZU=s88-c-k-c0x00ffffff-no-rj,https://www.youtube.com/@daminsulaeman651,@daminsulaeman651,4 tahun yang lalu,https://www.youtube.com/watch?v=rBADbAPn018&lc=UgxFnbxdsW57jGZeTg54AaABAg,"Bismillah semoga beruntung aamiin... 
  ig:  Dwakthea"
https://yt3.ggpht.com/ytc/AIdro_nn-MgKipEtAvc0CFGhjoj6kmwiJcicQGxMnR6nomwZ2lQ=s88-c-k-c0x00ffffff-no-rj,https://www.youtube.com/@yardhanbintang5344,@yardhanbintang5344,4 tahun yang lalu,https://www.youtube.com/watch?v=rBADbAPn018&lc=UgwNiA1hrN9-J_qgyg54AaABAg,"Bismilah semoga menang giveaway semoga trans7 dan bapau family tetap kompak dan makin suksess amin amin yra 
IG: dewi_eleh"
,https://www.youtube.com/@winiengsih2273,@winiengsih2273,4 tahun yang lalu,https://www.youtube.com/watch?v=rBADbAPn018&lc=UgwFUgod6Ol1O3fE_ph4AaABAg,"Bismillah semoga malam ini sy menang...
Buat trans7 & bapau family semoga tambah sukses & menayangkan acara yg bermanfaat...
Ig@winie ningsih"
,https://www.youtube.com/@yanikozan4424,@yanikozan4424,4 tahun yang lalu,https://www.youtube.com/watch?v=rBADbAPn018&lc=UgwqBInhoxCezaO---t4AaABAg,"Semoga menang dan kluarga bosku sllu diberikan kesehatan amin.
Ig @yani_kozan"
,https://www.youtube.com/@Vinsuke17,@Vinsuke17,4 tahun yang lalu (diedit),https://www.youtube.com/watch?v=rBADbAPn018&lc=UgwnN8NlBO9PJdcdwsF4AaABAg,Bismillahirrahmanirrahim semoga kali ini saya yang menang@megaoktaviani163
,https://www.youtube.com/@leviferlianichannel9994,@leviferlianichannel9994,4 tahun yang lalu,https://www.youtube.com/watch?v=rBADbAPn018&lc=Ugyvu-kUNoupzC4Ofyp4AaABAg,"Bismillahirrahmanirrahim
Sukses terus buat TRANS7 amin
Ig: ferlianil"
,https://www.youtube.com/@arjunasinaga3634,@arjunasinaga3634,4 tahun yang lalu (diedit),https://www.youtube.com/watch?v=rBADbAPn018&lc=UgxsWA1mI_flnS-e3bB4AaABAg,"bismillah semoga menang.. buat hadiah istri yg lagi hamil,,,, ... Aamiin Allahumma Aamiin     @arjunasinaga04"
,https://www.youtube.com/@iinpangesty2775,@iinpangesty2775,4 tahun yang lalu,https://www.youtube.com/watch?v=rBADbAPn018&lc=UgxSVnFX752ikRMTRqB4AaABAg,"Semoga sukses selalu trans7

Ig: @iinpangesty"
,https://www.youtube.com/@fitriyonoyono4343,@fitriyonoyono4343,4 tahun yang lalu,https://www.youtube.com/watch?v=rBADbAPn018&lc=UgzPSssJBgaiJPac-Fx4AaABAg,"Bismillah semoga menang..dr tran7...sukses selalu... dan tran7 semakin jaya
IG:triono.79happy"
,https://www.youtube.com/@sintakembaren5455,@sintakembaren5455,4 tahun yang lalu,https://www.youtube.com/watch?v=rBADbAPn018&lc=UgxxADbo-csrGyBwspZ4AaABAg&pp=0gcJCSMANpG00pGi,"Bismillah...
Semoga saya bisa menang IndonesiaGiveaway amin..
Ig.sintakembaren_02"
,https://www.youtube.com/@nayajaya8340,@nayajaya8340,4 tahun yang lalu,https://www.youtube.com/watch?v=rBADbAPn018&lc=Ugz0Yu2LKA0xySU3Trd4AaABAg,"Bismillahirrohmanirrohim ...
Smoga bisa menang di 
Aamiin
Ig:yanti_naya8"
,https://www.youtube.com/@muhammadsoleh7363,@muhammadsoleh7363,4 tahun yang lalu,https://www.youtube.com/watch?v=rBADbAPn018&lc=Ugy4RvUUMHIcJfAgwOB4AaABAg,"bismillah semoga menang, 
SUKSES TERUS BANGG semoga makin sukses dan sehat selalu,   aaammiiinn

ig vinoo_prayoga"
,https://www.youtube.com/@kartocueh3709,@kartocueh3709,4 tahun yang lalu,https://www.youtube.com/watch?v=rBADbAPn018&lc=UgxgBuiWWsbni8a_85l4AaABAg,Bismilahhh semoga menang dan ada rejeki saya di .semoga sukses slalu...ig. Kartocueh03
,https://www.youtube.com/@suebaja1939,@suebaja1939,4 tahun yang lalu,https://www.youtube.com/watch?v=rBADbAPn018&lc=UgwgB6KUeMrWnNfq6NZ4AaABAg,"Bismillah semoga saya menang dapat giveaway dari mas baim. Semoga merubah nasib saya amin
@sueb_ajja"
,https://www.youtube.com/@zakaria9866,@zakaria9866,4 tahun yang lalu,https://www.youtube.com/watch?v=rBADbAPn018&lc=UgwfOwDxppifKwj7Jn14AaABAg,bismillah ig:jex2302
https://yt3.ggpht.com/ytc/AIdro_l6o9fGkxZDDnGRCKJRU2Ql_WpSuVmBrp1NgNQjSRg=s88-c-k-c0x00ffffff-no-rj,https://www.youtube.com/@winiengsih2273,@winiengsih2273,4 tahun yang lalu,https://www.youtube.com/watch?v=rBADbAPn018&lc=UgwFUgod6Ol1O3fE_ph4AaABAg,"Bismillah semoga malam ini sy menang...
Buat trans7 & bapau family semoga tambah sukses & menayangkan acara yg bermanfaat...
Ig@winie ningsih"
https://yt3.ggpht.com/ytc/AIdro_kiWKXg-zsXjvuLwik15GJzj4JLjsrXlpMe1pRlbpYGJgk=s88-c-k-c0x00ffffff-no-rj,https://www.youtube.com/@yanikozan4424,@yanikozan4424,4 tahun yang lalu,https://www.youtube.com/watch?v=rBADbAPn018&lc=UgwqBInhoxCezaO---t4AaABAg,"Semoga menang dan kluarga bosku sllu diberikan kesehatan amin.
Ig @yani_kozan"
https://yt3.ggpht.com/KE3AS34CwPS13C5IKeIQuyH4n7gMiEHjrerlRS8egFpip2opKoVgSlCCuKRHncxbWyv6EWenyQ=s88-c-k-c0x00ffffff-no-rj,https://www.youtube.com/@Vinsuke17,@Vinsuke17,4 tahun yang lalu (diedit),https://www.youtube.com/watch?v=rBADbAPn018&lc=UgwnN8NlBO9PJdcdwsF4AaABAg,Bismillahirrahmanirrahim semoga kali ini saya yang menang@megaoktaviani163
https://yt3.ggpht.com/ytc/AIdro_nfNw7AId6sGxq3ohOvMts_jXSrEW4vyuXkq4LHgQU4hAs=s88-c-k-c0x00ffffff-no-rj,https://www.youtube.com/@leviferlianichannel9994,@leviferlianichannel9994,4 tahun yang lalu,https://www.youtube.com/watch?v=rBADbAPn018&lc=Ugyvu-kUNoupzC4Ofyp4AaABAg,"Bismillahirrahmanirrahim
Sukses terus buat TRANS7 amin
Ig: ferlianil"
https://yt3.ggpht.com/ytc/AIdro_mbtg1xFvTknom4PlezPqfxuc1h_KyGsDy8YUHADPM=s88-c-k-c0x00ffffff-no-rj,https://www.youtube.com/@arjunasinaga3634,@arjunasinaga3634,4 tahun yang lalu (diedit),https://www.youtube.com/watch?v=rBADbAPn018&lc=UgxsWA1mI_flnS-e3bB4AaABAg,"bismillah semoga menang.. buat hadiah istri yg lagi hamil,,,, ... Aamiin Allahumma Aamiin     @arjunasinaga04"
https://yt3.ggpht.com/ytc/AIdro_kkBqmaLVZj2ZRZlH_d-_f02w79Xsx5FglCELQFSqr46A=s88-c-k-c0x00ffffff-no-rj,https://www.youtube.com/@iinpangesty2775,@iinpangesty2775,4 tahun yang lalu,https://www.youtube.com/watch?v=rBADbAPn018&lc=UgxSVnFX752ikRMTRqB4AaABAg,"Semoga sukses selalu trans7

Ig: @iinpangesty"
https://yt3.ggpht.com/ytc/AIdro_lUniyY7QH4daiRQb5kC_pr1eEVcl19Bp6Aw8Cxs6E=s88-c-k-c0x00ffffff-no-rj,https://www.youtube.com/@fitriyonoyono4343,@fitriyonoyono4343,4 tahun yang lalu,https://www.youtube.com/watch?v=rBADbAPn018&lc=UgzPSssJBgaiJPac-Fx4AaABAg,"Bismillah semoga menang..dr tran7...sukses selalu... dan tran7 semakin jaya
IG:triono.79happy"
https://yt3.ggpht.com/3WhIw7H_2MsGw5l-_3IeprvtW-npGde4yv4j5wVL_9pusRwWAvqHGj_r5kn557KAmNFVtYcp=s88-c-k-c0x00ffffff-no-rj,https://www.youtube.com/@sintakembaren5455,@sintakembaren5455,4 tahun yang lalu,https://www.youtube.com/watch?v=rBADbAPn018&lc=UgxxADbo-csrGyBwspZ4AaABAg&pp=0gcJCSMANpG00pGi,"Bismillah...
Semoga saya bisa menang IndonesiaGiveaway amin..
Ig.sintakembaren_02"
https://yt3.ggpht.com/ytc/AIdro_n34W0dfO4d0ASLTIWX-n432RCe4shrqbWuGrfq5BVOZk8=s88-c-k-c0x00ffffff-no-rj,https://www.youtube.com/@nayajaya8340,@nayajaya8340,4 tahun yang lalu,https://www.youtube.com/watch?v=rBADbAPn018&lc=Ugz0Yu2LKA0xySU3Trd4AaABAg,"Bismillahirrohmanirrohim ...
Smoga bisa menang di 
Aamiin
Ig:yanti_naya8"
https://yt3.ggpht.com/ytc/AIdro_lNsbpGSnFKaYh6Ge_SkMoOm4ShnreJE28wogyuTE4=s88-c-k-c0x00ffffff-no-rj,https://www.youtube.com/@muhammadsoleh7363,@muhammadsoleh7363,4 tahun yang lalu,https://www.youtube.com/watch?v=rBADbAPn018&lc=Ugy4RvUUMHIcJfAgwOB4AaABAg,"bismillah semoga menang, 
SUKSES TERUS BANGG semoga makin sukses dan sehat selalu,   aaammiiinn

ig vinoo_prayoga"
https://yt3.ggpht.com/ytc/AIdro_ncvjwj2uZSgof7jndQF7X_MBwFYNsf5_XczINk2G_KeA8=s88-c-k-c0x00ffffff-no-rj,https://www.youtube.com/@kartocueh3709,@kartocueh3709,4 tahun yang lalu,https://www.youtube.com/watch?v=rBADbAPn018&lc=UgxgBuiWWsbni8a_85l4AaABAg,Bismilahhh semoga menang dan ada rejeki saya di .semoga sukses slalu...ig. Kartocueh03
https://yt3.ggpht.com/ytc/AIdro_kdHmjT3sb0kHSfKF-gYExWjtJFqHmtcDWI920e_1A=s88-c-k-c0x00ffffff-no-rj,https://www.youtube.com/@suebaja1939,@suebaja1939,4 tahun yang lalu,https://www.youtube.com/watch?v=rBADbAPn018&lc=UgwgB6KUeMrWnNfq6NZ4AaABAg,"Bismillah semoga saya menang dapat giveaway dari mas baim. Semoga merubah nasib saya amin
@sueb_ajja"
https://yt3.ggpht.com/ytc/AIdro_nfoT1JYeGeYbr76Oz4Q3x2oRyiUlil5mSzTqEvPceyNfA=s88-c-k-c0x00ffffff-no-rj,https://www.youtube.com/@zakaria9866,@zakaria9866,4 tahun yang lalu,https://www.youtube.com/watch?v=rBADbAPn018&lc=UgwfOwDxppifKwj7Jn14AaABAg,bismillah ig:jex2302
https://yt3.ggpht.com/ytc/AIdro_kcbB4PMLu-3IbvS3W9JH_aCa-Fc77jyL6I2i5nWuk=s88-c-k-c0x00ffffff-no-rj,https://www.youtube.com/@juliardi7639,@juliardi7639,4 tahun yang lalu,https://www.youtube.com/watch?v=rBADbAPn018&lc=UgyDc857fLSo_A3qNQp4AaABAg,"Bismillah semoga berkah hari ini...
Ig:@juliardijuventini"
https://yt3.ggpht.com/ytc/AIdro_n20QUPi85CZm6UYiNHd5ApP3BotPRplboRErfrRmc=s88-c-k-c0x00ffffff-no-rj,https://www.youtube.com/@mohfaikulilmi4459,@mohfaikulilmi4459,4 tahun yang lalu,https://www.youtube.com/watch?v=rBADbAPn018&lc=UgxqUjy96pa7PWXMp_F4AaABAg,"BISMILLAH,semoga menang giveaway bos baim,semoga boss baim dan keluarga sehat selalu aminn...
IG: faik sabon"
https://yt3.ggpht.com/ytc/AIdro_m_DbyDgHgT7hTa16CTn3nS9sDxaVBXMNp7w7cE1Zw=s88-c-k-c0x00ffffff-no-rj,https://www.youtube.com/@aldysaputra3851,@aldysaputra3851,4 tahun yang lalu,https://www.youtube.com/watch?v=rBADbAPn018&lc=UgxshA9bE4NOBN1dWrZ4AaABAg,"Biamilqh semoga aku dapet rezekin amin
Ig: yudatamaari"
https://yt3.ggpht.com/ytc/AIdro_mbfJgsUN5l4yvomWBocdfa2WwMbxrUuBfSH-oLkXE=s88-c-k-c0x00ffffff-no-rj,https://www.youtube.com/@euismarliana8644,@euismarliana8644,4 tahun yang lalu,https://www.youtube.com/watch?v=rBADbAPn018&lc=UgyE1VCJJIqXa8qQvGV4AaABAg,"Bismillah semoga rizki ku amin..

Ig:@euismarliana9"
https://yt3.ggpht.com/ytc/AIdro_mw-uV0BmfxefIlUbJu6F2rCTWtvQuLWcl6Uewd2K4=s88-c-k-c0x00ffffff-no-rj,https://www.youtube.com/@ritace9886,@ritace9886,4 tahun yang lalu,https://www.youtube.com/watch?v=rBADbAPn018&lc=UgyK6zumoMigSLhWBIN4AaABAg,"Bismillah,,sukses selalu trans7
Ig: ritacee1988"
https://yt3.ggpht.com/RUmqgE9jGKivOwovKWd5dNruDwceE4qAsoZArwccLqh767Cc0X2Y4TphhFoMwgBIMrbSDh6X4Q=s88-c-k-c0x00ffffff-no-rj,https://www.youtube.com/@Anin_0097,@Anin_0097,4 tahun yang lalu,https://www.youtube.com/watch?v=rBADbAPn018&lc=UgxJ3mdKxpnc_FHRUH54AaABAg,"Bismillahirrahmanirrahim. Semoga bisa menang lewat Indonesia give away. Sehat selalu Bosque family dan seluruh kru Trans7. Trans7 keren abis selalu menyuguhkan acara yang positif. Jejak si gundul,,, suka bgtttt nonton acara ini. Jadi tambah pengetahuan kuliner Indonesia.
@nur_saadah20"
https://yt3.ggpht.com/f6GxetsyRFGxdcVWChfbuRtF4jmjbYVz07sYNByyaUT2U_IR4lwVbqelA4ssuhtHhrOQ3tE_9Q=s88-c-k-c0x00ffffff-no-rj,https://www.youtube.com/@CodetCR,@CodetCR,4 tahun yang lalu,https://www.youtube.com/watch?v=rBADbAPn018&lc=Ugzbkq-gkEG5CVKeked4AaABAg,"Bismillah 
Moga menang malam ini
Sukses trus bosqu 
IG:nazarmayor4959"
,https://www.youtube.com/@tuaigendhut4729,@tuaigendhut4729,4 tahun yang lalu,https://www.youtube.com/watch?v=rBADbAPn018&lc=UgyDXTG9T-cnun_S4O54AaABAg&pp=0gcJCSMANpG00pGi,"Bismillah smg dpt rejeki
ig.gendhut.gendhut.1293"
,https://www.youtube.com/@yenirahmawati2222,@yenirahmawati2222,4 tahun yang lalu,https://www.youtube.com/watch?v=rBADbAPn018&lc=UgxZtjO8WJnZoHm60hJ4AaABAg,"Bismillah semoga ada rezekinya disini amiinn ya allah
Ig:@yenirahmawati318"
,https://www.youtube.com/@susantiofficial6433,@susantiofficial6433,4 tahun yang lalu,https://www.youtube.com/watch?v=rBADbAPn018&lc=UgyRis5AwYXCfsahey94AaABAg,"Bismillah

@susanti_057"
,https://www.youtube.com/@desyinnayah2465,@desyinnayah2465,4 tahun yang lalu,https://www.youtube.com/watch?v=rBADbAPn018&lc=Ugz0KtoQK29LxDw2keF4AaABAg,"Bismillahirrahmanirrahim..
Ig elvano_rfsyahreza"
,https://www.youtube.com/@muhammadilham-iw4qp,@muhammadilham-iw4qp,4 tahun yang lalu,https://www.youtube.com/watch?v=rBADbAPn018&lc=UgxSPIwVjFIWHBo34254AaABAg,"Bismillah 
Ig:milham4917"
,https://www.youtube.com/@warkamsaefullah,@warkamsaefullah,4 tahun yang lalu,https://www.youtube.com/watch?v=rBADbAPn018&lc=UgyRWRD6t77NvpkS6jB4AaABAg,"Bismillah semoga malam ini saya menang giveaway Aamiin
IG:saefullahwarkam"
,https://www.youtube.com/@tiashovia5467,@tiashovia5467,4 tahun yang lalu,https://www.youtube.com/watch?v=rBADbAPn018&lc=UgzseIT7jt3tPVLmkGF4AaABAg,",, bismilahhh 
Ig tiashovia"
,https://www.youtube.com/@hamidarip6321,@hamidarip6321,4 tahun yang lalu,https://www.youtube.com/watch?v=rBADbAPn018&lc=UgxbpYUcL253mQMHWD94AaABAg,Bismilah semoga dapet giveaway amiin ig asiah 7509
,https://www.youtube.com/@tadoalikhlass872,@tadoalikhlass872,4 tahun yang lalu,https://www.youtube.com/watch?v=rBADbAPn018&lc=Ugwi2mwjwcUEGhOCNKV4AaABAg,bismilah semoga menang ig. mangtado
,https://www.youtube.com/@Sifanr-mg2if,@Sifanr-mg2if,4 tahun yang lalu (diedit),https://www.youtube.com/watch?v=rBADbAPn018&lc=UgwOZJtnjF3_VqfR9uZ4AaABAg,Bismillah giveaway indonesia aamiin. Ig sifanurrohmah
,https://www.youtube.com/@sawijanjan7216,@sawijanjan7216,4 tahun yang lalu,https://www.youtube.com/watch?v=rBADbAPn018&lc=Ugw-f4doarj1G_wWcsJ4AaABAg,"Bismilah semoga ak menang,trans7 semoga jaya terus IG:sawijan3"
,https://www.youtube.com/@ulermelingker7836,@ulermelingker7836,4 tahun yang lalu,https://www.youtube.com/watch?v=rBADbAPn018&lc=UgyjvTJCUh8cGj9tMiN4AaABAg,"Semoga berkah

Ig:_wahid76"
,https://www.youtube.com/@dadeginanjar3222,@dadeginanjar3222,4 tahun yang lalu,https://www.youtube.com/watch?v=rBADbAPn018&lc=Ugz5YBmNLdG9a8tUbAZ4AaABAg,bismillah..ig.zhadadde
https://yt3.ggpht.com/ytc/AIdro_lHToVwLH-i85C3HJDS5IQTCmB0oJ5WpaRkP6T8ng=s88-c-k-c0x00ffffff-no-rj,https://www.youtube.com/@tuaigendhut4729,@tuaigendhut4729,4 tahun yang lalu,https://www.youtube.com/watch?v=rBADbAPn018&lc=UgyDXTG9T-cnun_S4O54AaABAg&pp=0gcJCSMANpG00pGi,"Bismillah smg dpt rejeki
ig.gendhut.gendhut.1293"
https://yt3.ggpht.com/ytc/AIdro_k8v93SnlgrYC2LYkZfvr7gIG3ewtcW5MN1BkKLRhBixC0=s88-c-k-c0x00ffffff-no-rj,https://www.youtube.com/@yenirahmawati2222,@yenirahmawati2222,4 tahun yang lalu,https://www.youtube.com/watch?v=rBADbAPn018&lc=UgxZtjO8WJnZoHm60hJ4AaABAg,"Bismillah semoga ada rezekinya disini amiinn ya allah
Ig:@yenirahmawati318"
https://yt3.ggpht.com/ytc/AIdro_lA7jr0LZvBQFLmBc7jijnVjyoazsJEdCveoYk4bFvSLqy3mJRIVzhAwp7IKIkTOUTl9A=s88-c-k-c0x00ffffff-no-rj,https://www.youtube.com/@susantiofficial6433,@susantiofficial6433,4 tahun yang lalu,https://www.youtube.com/watch?v=rBADbAPn018&lc=UgyRis5AwYXCfsahey94AaABAg,"Bismillah

@susanti_057"
https://yt3.ggpht.com/ytc/AIdro_nw77TJD1ca3AuQtOmqeufccQKRLhBle6hbiN-pHAg=s88-c-k-c0x00ffffff-no-rj,https://www.youtube.com/@desyinnayah2465,@desyinnayah2465,4 tahun yang lalu,https://www.youtube.com/watch?v=rBADbAPn018&lc=Ugz0KtoQK29LxDw2keF4AaABAg,"Bismillahirrahmanirrahim..
Ig elvano_rfsyahreza"
https://yt3.ggpht.com/ytc/AIdro_nBn2jta5quU24V8axQqMVoCnOi0LSsCwJmxYcUHeA=s88-c-k-c0x00ffffff-no-rj,https://www.youtube.com/@muhammadilham-iw4qp,@muhammadilham-iw4qp,4 tahun yang lalu,https://www.youtube.com/watch?v=rBADbAPn018&lc=UgxSPIwVjFIWHBo34254AaABAg,"Bismillah 
Ig:milham4917"
https://yt3.ggpht.com/ytc/AIdro_l58wNQPBknEmBl0j3THgL-PIBMALnynUcyQZqOSaKgiPg=s88-c-k-c0x00ffffff-no-rj,https://www.youtube.com/@warkamsaefullah,@warkamsaefullah,4 tahun yang lalu,https://www.youtube.com/watch?v=rBADbAPn018&lc=UgyRWRD6t77NvpkS6jB4AaABAg,"Bismillah semoga malam ini saya menang giveaway Aamiin
IG:saefullahwarkam"
https://yt3.ggpht.com/ytc/AIdro_mPx3oAapBiajKEe6D3ABl5aOVrNPv7UK00hgrDy1E=s88-c-k-c0x00ffffff-no-rj,https://www.youtube.com/@tiashovia5467,@tiashovia5467,4 tahun yang lalu,https://www.youtube.com/watch?v=rBADbAPn018&lc=UgzseIT7jt3tPVLmkGF4AaABAg,",, bismilahhh 
Ig tiashovia"
https://yt3.ggpht.com/ytc/AIdro_kB5RkYpW1I90QcMDQ6tiBo4lMtNWTOZ1qafEB_VTA=s88-c-k-c0x00ffffff-no-rj,https://www.youtube.com/@hamidarip6321,@hamidarip6321,4 tahun yang lalu,https://www.youtube.com/watch?v=rBADbAPn018&lc=UgxbpYUcL253mQMHWD94AaABAg,Bismilah semoga dapet giveaway amiin ig asiah 7509
https://yt3.ggpht.com/ytc/AIdro_nIWPchaC2YrzhNNenfdUjmqAouAuG_srAg9cQjZQL_KRA=s88-c-k-c0x00ffffff-no-rj,https://www.youtube.com/@tadoalikhlass872,@tadoalikhlass872,4 tahun yang lalu,https://www.youtube.com/watch?v=rBADbAPn018&lc=Ugwi2mwjwcUEGhOCNKV4AaABAg,bismilah semoga menang ig. mangtado
https://yt3.ggpht.com/ytc/AIdro_kN0vHjIDhTA7B0t2l-8jw4du0Fp3Q4NWDxREtZ0wG6prM4O5dykKEJAxt14lhBl9HMMQ=s88-c-k-c0x00ffffff-no-rj,https://www.youtube.com/@Sifanr-mg2if,@Sifanr-mg2if,4 tahun yang lalu (diedit),https://www.youtube.com/watch?v=rBADbAPn018&lc=UgwOZJtnjF3_VqfR9uZ4AaABAg,Bismillah giveaway indonesia aamiin. Ig sifanurrohmah
https://yt3.ggpht.com/ytc/AIdro_kLDp0ENuaQoLLfD6r4YT7xgoL1C-cVJcYHsVSim4VwCg=s88-c-k-c0x00ffffff-no-rj,https://www.youtube.com/@sawijanjan7216,@sawijanjan7216,4 tahun yang lalu,https://www.youtube.com/watch?v=rBADbAPn018&lc=Ugw-f4doarj1G_wWcsJ4AaABAg,"Bismilah semoga ak menang,trans7 semoga jaya terus IG:sawijan3"
https://yt3.ggpht.com/ytc/AIdro_kMKOQJ5zc5cm49IMf-LGW4B7o4w8ennUWSI3Ffk5tf8A=s88-c-k-c0x00ffffff-no-rj,https://www.youtube.com/@ulermelingker7836,@ulermelingker7836,4 tahun yang lalu,https://www.youtube.com/watch?v=rBADbAPn018&lc=UgyjvTJCUh8cGj9tMiN4AaABAg,"Semoga berkah

Ig:_wahid76"
https://yt3.ggpht.com/ytc/AIdro_lE7F2QU7fhj22In2a1IGSWgAManD9VI3l06Y-atXc=s88-c-k-c0x00ffffff-no-rj,https://www.youtube.com/@dadeginanjar3222,@dadeginanjar3222,4 tahun yang lalu,https://www.youtube.com/watch?v=rBADbAPn018&lc=Ugz5YBmNLdG9a8tUbAZ4AaABAg,bismillah..ig.zhadadde
https://yt3.ggpht.com/ytc/AIdro_l2fDYG-x-XsMxn2aI0Aj6e_CKkYGPJDO9re8gvQSmMfA=s88-c-k-c0x00ffffff-no-rj,https://www.youtube.com/@samsulbahri3290,@samsulbahri3290,4 tahun yang lalu,https://www.youtube.com/watch?v=rBADbAPn018&lc=UgyWY7lxa25kqd87_ul4AaABAg,"Bismillah semoga rezeki aku
Ig: bahribahri602"
https://yt3.ggpht.com/ytc/AIdro_lYGxntfLFA0St7_Yib8zpfeBp5E3Ul0QTeHeFr2JcyRaU=s88-c-k-c0x00ffffff-no-rj,https://www.youtube.com/@mulyana1710,@mulyana1710,4 tahun yang lalu,https://www.youtube.com/watch?v=rBADbAPn018&lc=UgzK6X4xu7jAOlmnBf54AaABAg,"Bismillah semoga menang,Aamiin Ig :mulyana3537"
https://yt3.ggpht.com/ytc/AIdro_kPXGAGnMTlZt5bWZdox18Ck_F2R4PtaPTDX9yw3R4=s88-c-k-c0x00ffffff-no-rj,https://www.youtube.com/@dedyaprianto3342,@dedyaprianto3342,4 tahun yang lalu,https://www.youtube.com/watch?v=rBADbAPn018&lc=UgzXmFR1Mwp7SEDMKrd4AaABAg,Bismilah sehat trus bosque ig dedy10041975
https://yt3.ggpht.com/ytc/AIdro_niGBzcaiB47Ctdl8eF9MuJXpOrcDjfkJH42EjpKWylEeU=s88-c-k-c0x00ffffff-no-rj,https://www.youtube.com/@deniexcellent983,@deniexcellent983,4 tahun yang lalu,https://www.youtube.com/watch?v=rBADbAPn018&lc=UgzcCBs1ONxonjFEcgJ4AaABAg,"Bismilah menang

Ig,,setiawan4287"
https://yt3.ggpht.com/ytc/AIdro_kga6u_Oz0w442eVVIyqcLhj0s1W9lKsuBaF5dLmCk=s88-c-k-c0x00ffffff-no-rj,https://www.youtube.com/@SultanKhan-lu8ug,@SultanKhan-lu8ug,4 tahun yang lalu,https://www.youtube.com/watch?v=rBADbAPn018&lc=UgymItedQD0Lf1rXOQ14AaABAg,"Bismillah..
Makin sukses dan jaya Trans
Ig sult.ankhan83"
https://yt3.ggpht.com/ytc/AIdro_mnZe9XeS9VPrQK6ZwimndbJSsfysVVizSmjMNraBSqcEE=s88-c-k-c0x00ffffff-no-rj,https://www.youtube.com/@ramadhanychandrachalim2283,@ramadhanychandrachalim2283,4 tahun yang lalu,https://www.youtube.com/watch?v=rBADbAPn018&lc=UgzN9P6ixMRagFlcufx4AaABAg,"Mantap , ig moch chalimi477"
https://yt3.ggpht.com/ytc/AIdro_kHUB9vISbcfKRxH8ugLSuRok88SzjFL5tE4cetwvc=s88-c-k-c0x00ffffff-no-rj,https://www.youtube.com/@MilaMila-qt9eb,@MilaMila-qt9eb,4 tahun yang lalu,https://www.youtube.com/watch?v=rBADbAPn018&lc=UgxhbacMXH_kVa9glbh4AaABAg,"Bismillahirrahmanirrahim semoga bisa menang kali ini
Ig:mhyla_cila"
,https://www.youtube.com/@dedyaprianto3342,@dedyaprianto3342,4 tahun yang lalu,https://www.youtube.com/watch?v=rBADbAPn018&lc=UgzfBU50MDXwhobK31x4AaABAg,Bismilah sehat trus bosque ig dedy10041975
,https://www.youtube.com/@SultanKhan-lu8ug,@SultanKhan-lu8ug,4 tahun yang lalu,https://www.youtube.com/watch?v=rBADbAPn018&lc=Ugx0jjQiDHDlB_XugeB4AaABAg,"Bismillah..
Makin sukses dan jaya Trans
Ig sult.ankhan83"
,https://www.youtube.com/@SultanKhan-lu8ug,@SultanKhan-lu8ug,4 tahun yang lalu,https://www.youtube.com/watch?v=rBADbAPn018&lc=Ugy-saHcx1Q4V6LLa_l4AaABAg,"Bismillah..
Makin sukses dan jaya Trans
Ig sult.ankhan83"
,https://www.youtube.com/@SultanKhan-lu8ug,@SultanKhan-lu8ug,4 tahun yang lalu,https://www.youtube.com/watch?v=rBADbAPn018&lc=UgyNmVTGq-LzzLRmAmV4AaABAg,"Bismillah..
Makin sukses dan jaya Trans
Ig sult.ankhan83"
,https://www.youtube.com/@SultanKhan-lu8ug,@SultanKhan-lu8ug,4 tahun yang lalu,https://www.youtube.com/watch?v=rBADbAPn018&lc=UgzcMBAXeMsTQR1HROx4AaABAg,"Bismillah..
Makin sukses dan jaya Trans
Ig sult.ankhan83"
style-scope src,yt-simple-endpoint href,style-scope,yt-simple-endpoint,yt-simple-endpoint href 2,yt-core-attributed-string
https://yt3.ggpht.com/ytc/AIdro_lv59i3U_ilJZJX9u41eIP9mBt28G7ccmkCyzJvs6CEySEF=s88-c-k-c0x00ffffff-no-rj,https://www.youtube.com/@firbexanam8615,@firbexanam8615,5 tahun yang lalu,https://www.youtube.com/watch?v=gd0WQIaXxi8&lc=Ugy4CKAZyfWp8fIT1wl4AaABAg,"Dorokdok hhaa lain dorogdog

Ngeunah eta mun jeng nyemil mh di harepen imah sabari nyantai angin sepoy sepoy"
https://yt3.ggpht.com/ytc/AIdro_mal5af59ykoPggrgxc7ZG_oBqRnMNLGhvD5DiwblROyOn3=s88-c-k-c0x00ffffff-no-rj,https://www.youtube.com/@kopokasif63,@kopokasif63,6 tahun yang lalu,https://www.youtube.com/watch?v=gd0WQIaXxi8&lc=Ugzgtla2HiVuB3E6KCd4AaABAg,Ak suka banget niiiih
https://yt3.ggpht.com/XKldc5fdTQpEaZYhF0_n1kad_fFWc382Lipqc5YXxzft7r7-ho2ByOotfOZa9z3MmCa7vzmXXg=s88-c-k-c0x00ffffff-no-rj,https://www.youtube.com/@dinarviqu7205,@dinarviqu7205,3 tahun yang lalu,https://www.youtube.com/watch?v=gd0WQIaXxi8&lc=Ugy6btYOJftM6PRNskl4AaABAg,"Lebih bnyak lg d explore kota garutnya, bukan hnya dorokdok, ada juga dodol,domba adu,dll"
https://yt3.ggpht.com/XiiHR3walKN5jWG_GFJxPqmJAd6zZzbJPH074ZQ3ag2k4jvS8Wq_itfgyVdo-aXgqHUyoLirbg=s88-c-k-c0x00ffffff-no-rj,https://www.youtube.com/@muhammadfajrifad_30,@muhammadfajrifad_30,3 tahun yang lalu,https://www.youtube.com/watch?v=gd0WQIaXxi8&lc=UgwNGuuOCvJtxm3r_N14AaABAg,Garut emng alus
https://yt3.ggpht.com/ytc/AIdro_ldd0V6GR8GPAFKpVJbfmB3s8oTMf_xGtPVaVd_eoY=s88-c-k-c0x00ffffff-no-rj,https://www.youtube.com/@joefagasta2117,@joefagasta2117,5 tahun yang lalu,https://www.youtube.com/watch?v=gd0WQIaXxi8&lc=UgyehKpI_hHrp8wQ-4Z4AaABAg,Wow pasti gurih.  Di Pantura Jateng namanya kerupuk 'rambak'.
https://yt3.ggpht.com/CgcZ02SYQMn9fPnQRIgJoJaRcf2ETWZcfO36bVErQHehf8Ar9XdM8_Ujj8lKStvnAF_nfDX5aw=s88-c-k-c0x00ffffff-no-rj,https://www.youtube.com/@chevbrotherstudio2246,@chevbrotherstudio2246,1 tahun yang lalu,https://www.youtube.com/watch?v=gd0WQIaXxi8&lc=UgxYNsmhKZ5A4FtDqPp4AaABAg,Dorokdok kurupuk kulit garut..memang beda..ini kesukan sya sedari kecil hingga koni 37 tahun masih mengonsumsi dorokdok garut..beda sama kerupuk kulit yang lain..gurih nyaa duh bukan karena garam dan bumbu tabur.gurih nya alami dari kulig sapi nya
https://yt3.ggpht.com/ytc/AIdro_nJ5ycjrj9wNLt5xK-JV54M_JTiCAchzM4zgmpWfx0=s88-c-k-c0x00ffffff-no-rj,https://www.youtube.com/@titinmusa709,@titinmusa709,5 tahun yang lalu,https://www.youtube.com/watch?v=gd0WQIaXxi8&lc=UgyRH1nMHcgWWe6Xnal4AaABAg,"kerupuk kulit ,, aku suka bangeeet"
,https://www.youtube.com/@nandawulansari1976,@nandawulansari1976,6 tahun yang lalu,https://www.youtube.com/watch?v=gd0WQIaXxi8&lc=UgxJotbOvLxPCwAVVNd4AaABAg,"Dorokdok, sanes dorogdog"
,https://www.youtube.com/@KMP90,@KMP90,5 tahun yang lalu,https://www.youtube.com/watch?v=gd0WQIaXxi8&lc=UgxL6j954ZPI_F4cPFt4AaABAg&pp=0gcJCSMANpG00pGi,Kalau dr Garut gk ada DOROGDOG boss tp adanya DOROKDOK.
,https://www.youtube.com/@naganchannel1628,@naganchannel1628,6 tahun yang lalu,https://www.youtube.com/watch?v=gd0WQIaXxi8&lc=UgwgEXezsacyO4AIMpZ4AaABAg,
,https://www.youtube.com/@pipihhasanah-dt5qk,@pipihhasanah-dt5qk,2 tahun yang lalu,https://www.youtube.com/watch?v=gd0WQIaXxi8&lc=UgzDA6C0CamZC7CLvW54AaABAg,daerah mana bisa pesen sabaraha sakilona NU mentah
,https://www.youtube.com/@uhudsukarya5105,@uhudsukarya5105,5 tahun yang lalu,https://www.youtube.com/watch?v=gd0WQIaXxi8&lc=Ugx_Dg-je6yhuSvM_Sp4AaABAg,Mantap yg nybain juga cantik seger seger
,https://www.youtube.com/@diacoustic5086,@diacoustic5086,6 tahun yang lalu,https://www.youtube.com/watch?v=gd0WQIaXxi8&lc=UgwTIhSVXgCh6aYsEyN4AaABAg,mantapp
,https://www.youtube.com/@rudisupriadi2598,@rudisupriadi2598,4 tahun yang lalu,https://www.youtube.com/watch?v=gd0WQIaXxi8&lc=Ugz3YeOnl44c0QA4yBx4AaABAg,aslmualaikum teh mun ngagoreng  kurupuk kulit sok ngabusa penyebab naon teh
,https://www.youtube.com/@bassoky5007,@bassoky5007,6 tahun yang lalu,https://www.youtube.com/watch?v=gd0WQIaXxi8&lc=UgwCsryaVHBOU3XPW714AaABAg,Yah bisa bersamaan Kala says sedang aktifitas ...
,https://www.youtube.com/@alamtea5183,@alamtea5183,5 tahun yang lalu,https://www.youtube.com/watch?v=gd0WQIaXxi8&lc=Ugws_du3sK9fmSy32uR4AaABAg,Dorokdok kerupuk kulit ngajedog t boga duit
,https://www.youtube.com/@zihasmochamad757,@zihasmochamad757,5 tahun yang lalu,https://www.youtube.com/watch?v=gd0WQIaXxi8&lc=UgwIuC4wGJ4PNdKWH9p4AaABAg,snack no i in the world
,https://www.youtube.com/@kangikhsan7585,@kangikhsan7585,6 tahun yang lalu,https://www.youtube.com/watch?v=gd0WQIaXxi8&lc=UgxMZJZGH9T9MfUXBvV4AaABAg,Dorokdooooooook ..... gubraaaaaaaag
,https://www.youtube.com/@rikaaditia3362,@rikaaditia3362,4 tahun yang lalu,https://www.youtube.com/watch?v=gd0WQIaXxi8&lc=Ugzq2X2LbyFh-yCo-VN4AaABAg&pp=0gcJCSMANpG00pGi,Sy  beli dong mba..bleh di kirimin
,https://www.youtube.com/@yenifaradiba3722,@yenifaradiba3722,6 tahun yang lalu,https://www.youtube.com/watch?v=gd0WQIaXxi8&lc=Ugwql34gnnq4Owtr6SN4AaABAg,Coba kata dorog nya di hapus jadi kata apa ya
https://yt3.ggpht.com/ytc/AIdro_lXZAu4VizDLTbdXsVkIl5Ag52XLEvmAS1U-otYMYMdpA=s88-c-k-c0x00ffffff-no-rj,https://www.youtube.com/@nandawulansari1976,@nandawulansari1976,6 tahun yang lalu,https://www.youtube.com/watch?v=gd0WQIaXxi8&lc=UgxJotbOvLxPCwAVVNd4AaABAg,"Dorokdok, sanes dorogdog"
https://yt3.ggpht.com/KxNGAikQVMZuAzfrPkszrWSMCGYHWJLA_UHaKVtscItYGeBi36FAy7W0dZBLTLZnDPfusA-jgtk=s88-c-k-c0x00ffffff-no-rj,https://www.youtube.com/@KMP90,@KMP90,5 tahun yang lalu,https://www.youtube.com/watch?v=gd0WQIaXxi8&lc=UgxL6j954ZPI_F4cPFt4AaABAg&pp=0gcJCSMANpG00pGi,Kalau dr Garut gk ada DOROGDOG boss tp adanya DOROKDOK.
https://yt3.ggpht.com/ytc/AIdro_lrscqm9fWdFLsdB4U3WtmK5IC2gQFDYoW4ooNkVb5wgQ=s88-c-k-c0x00ffffff-no-rj,https://www.youtube.com/@naganchannel1628,@naganchannel1628,6 tahun yang lalu,https://www.youtube.com/watch?v=gd0WQIaXxi8&lc=UgwgEXezsacyO4AIMpZ4AaABAg,
https://yt3.ggpht.com/ytc/AIdro_lXu0WPAKZ-yH5SnZKCHExCdAJcePDMhjXvJTx1cSpPrDtKH5DKmu4jO0zSfegaYwL4rQ=s88-c-k-c0x00ffffff-no-rj,https://www.youtube.com/@pipihhasanah-dt5qk,@pipihhasanah-dt5qk,2 tahun yang lalu,https://www.youtube.com/watch?v=gd0WQIaXxi8&lc=UgzDA6C0CamZC7CLvW54AaABAg,daerah mana bisa pesen sabaraha sakilona NU mentah
https://yt3.ggpht.com/ytc/AIdro_nOmEwEvcfmkxvKHLsgRwoEub3PNI0Fxx8isNa07zU=s88-c-k-c0x00ffffff-no-rj,https://www.youtube.com/@uhudsukarya5105,@uhudsukarya5105,5 tahun yang lalu,https://www.youtube.com/watch?v=gd0WQIaXxi8&lc=Ugx_Dg-je6yhuSvM_Sp4AaABAg,Mantap yg nybain juga cantik seger seger
https://yt3.ggpht.com/ytc/AIdro_mlSvL0Zr7VUVeIBlq_m81JOL7FIpCOgvvZJNdk8v4ic3E=s88-c-k-c0x00ffffff-no-rj,https://www.youtube.com/@diacoustic5086,@diacoustic5086,6 tahun yang lalu,https://www.youtube.com/watch?v=gd0WQIaXxi8&lc=UgwTIhSVXgCh6aYsEyN4AaABAg,mantapp
https://yt3.ggpht.com/ytc/AIdro_nb8KfcCNuSRPGVkKyQQbf_D3neYyqEnjo_K9YGIUc=s88-c-k-c0x00ffffff-no-rj,https://www.youtube.com/@rudisupriadi2598,@rudisupriadi2598,4 tahun yang lalu,https://www.youtube.com/watch?v=gd0WQIaXxi8&lc=Ugz3YeOnl44c0QA4yBx4AaABAg,aslmualaikum teh mun ngagoreng  kurupuk kulit sok ngabusa penyebab naon teh
https://yt3.ggpht.com/ytc/AIdro_mbdtu_n0TYzOex0T4SylQpjd7Nw9j8C8UgNS0ZbC4WHg=s88-c-k-c0x00ffffff-no-rj,https://www.youtube.com/@bassoky5007,@bassoky5007,6 tahun yang lalu,https://www.youtube.com/watch?v=gd0WQIaXxi8&lc=UgwCsryaVHBOU3XPW714AaABAg,Yah bisa bersamaan Kala says sedang aktifitas ...
https://yt3.ggpht.com/ytc/AIdro_lvRE5ngBQnyXbCAyHsdS65Lt9RsgoBZ_gTfGM8rDw=s88-c-k-c0x00ffffff-no-rj,https://www.youtube.com/@alamtea5183,@alamtea5183,5 tahun yang lalu,https://www.youtube.com/watch?v=gd0WQIaXxi8&lc=Ugws_du3sK9fmSy32uR4AaABAg,Dorokdok kerupuk kulit ngajedog t boga duit
https://yt3.ggpht.com/ytc/AIdro_nAfbZNy7RqqrRTx_6k_2Nyb8mnwfZ1wgvoqa8OGnc=s88-c-k-c0x00ffffff-no-rj,https://www.youtube.com/@zihasmochamad757,@zihasmochamad757,5 tahun yang lalu,https://www.youtube.com/watch?v=gd0WQIaXxi8&lc=UgwIuC4wGJ4PNdKWH9p4AaABAg,snack no i in the world
https://yt3.ggpht.com/ytc/AIdro_nmJmqWG1lQhxmWnPZSld6E5Kve_954UVv9NQT-F8ZOwzw=s88-c-k-c0x00ffffff-no-rj,https://www.youtube.com/@kangikhsan7585,@kangikhsan7585,6 tahun yang lalu,https://www.youtube.com/watch?v=gd0WQIaXxi8&lc=UgxMZJZGH9T9MfUXBvV4AaABAg,Dorokdooooooook ..... gubraaaaaaaag
https://yt3.ggpht.com/ytc/AIdro_nlGX-E7v-J6meDfYA2Wwa4BYh6nbcGfb66bO10Z7E=s88-c-k-c0x00ffffff-no-rj,https://www.youtube.com/@rikaaditia3362,@rikaaditia3362,4 tahun yang lalu,https://www.youtube.com/watch?v=gd0WQIaXxi8&lc=Ugzq2X2LbyFh-yCo-VN4AaABAg&pp=0gcJCSMANpG00pGi,Sy  beli dong mba..bleh di kirimin
https://yt3.ggpht.com/ytc/AIdro_nH1Ilp-YJZqu_Yw196YRpc3UJfm5IQuZnbw2fDPwafat8=s88-c-k-c0x00ffffff-no-rj,https://www.youtube.com/@yenifaradiba3722,@yenifaradiba3722,6 tahun yang lalu,https://www.youtube.com/watch?v=gd0WQIaXxi8&lc=Ugwql34gnnq4Owtr6SN4AaABAg,Coba kata dorog nya di hapus jadi kata apa ya
https://yt3.ggpht.com/ytc/AIdro_leUscxxonGI5-xsk6yTMP7FQ8lsEywHytectS4Fzo=s88-c-k-c0x00ffffff-no-rj,https://www.youtube.com/@idaida7215,@idaida7215,6 tahun yang lalu,https://www.youtube.com/watch?v=gd0WQIaXxi8&lc=UgxSGUIZECqYAEtklSR4AaABAg&pp=0gcJCSMANpG00pGi,"Kl saya lihat bukan dr kulit sapi tapi kulit domba . 
 Kl kulit sapi agak tebal,  kl ini kayak tipis"
https://yt3.ggpht.com/ytc/AIdro_mDtCOdgHWxQJGDSpCVMoIrJC7IULRT6a4N2eGIpCw=s88-c-k-c0x00ffffff-no-rj,https://www.youtube.com/@herupurwanto3770,@herupurwanto3770,4 tahun yang lalu,https://www.youtube.com/watch?v=gd0WQIaXxi8&lc=UgxKvRkjId7Ezpkugax4AaABAg,Nama hostnya siapa?
https://yt3.ggpht.com/ytc/AIdro_lnEe_pU3CjWEfX7qMPEnkt2sj-1roYqcqNzJqpb44=s88-c-k-c0x00ffffff-no-rj,https://www.youtube.com/@baladewa513,@baladewa513,4 tahun yang lalu,https://www.youtube.com/watch?v=gd0WQIaXxi8&lc=UgzSC_u1CNzYdu1cdDZ4AaABAg,"Itu yg namanya krupuk kulit berbahaya, itu kulitnya tipis.. Pasti dari kulit apkiran dari pabrik¬≤ industri spt tas, jaket, sepatu dll"
https://yt3.ggpht.com/7wKCMF_lX7p34cxKbnM5JtqhlEPoZFseLsVTs-HtrYRjKm6-wSOBJks4vyrOKrktBzwoYrMi=s88-c-k-c0x00ffffff-no-rj,https://www.youtube.com/@Kipkaa27,@Kipkaa27,3 tahun yang lalu,https://www.youtube.com/watch?v=iLFXv67rkmw&lc=UgyetpGQiVVE8ErdQ-Z4AaABAg,"Lagi makan dorokdok keinget gmna cara buatnya, auto buka YouTube ."
https://yt3.ggpht.com/lA3xQ2mlxtfcmEjZ20RNIMsAZ1YetiU8h5bxosEgFECq-Ept9lLeScRgpt1KX_lprABnQoNc=s88-c-k-c0x00ffffff-no-rj,https://www.youtube.com/@Camilla_Agustine,@Camilla_Agustine,5 tahun yang lalu,https://www.youtube.com/watch?v=iLFXv67rkmw&lc=UgyzQCAb4T33aAZuxhF4AaABAg,Dorokdok.. kerupuk kulit kriuk2 ngadorokdok gurih enak mantaapp
https://yt3.ggpht.com/ytc/AIdro_mgRwbEXQdXZFc-QdoVsVaP12VTNJO8dD1HZSLsPDm0fw=s88-c-k-c0x00ffffff-no-rj,https://www.youtube.com/@budherenny7351,@budherenny7351,4 tahun yang lalu,https://www.youtube.com/watch?v=iLFXv67rkmw&lc=UgwXD0CO8sOuLOaLJIF4AaABAg,Semoga rejeki sampean berlimpah bapak amin
https://yt3.ggpht.com/ytc/AIdro_ksQQl2B9h3YStUGVnbkEBwQ17nquLWhFzYP0HbtW3Fg4xF0T91e_MyLGpXuaKOx1LlOQ=s88-c-k-c0x00ffffff-no-rj,https://www.youtube.com/@kokokomara5048,@kokokomara5048,1 tahun yang lalu,https://www.youtube.com/watch?v=iLFXv67rkmw&lc=Ugw-nLMmwtzOtaZL-GB4AaABAg,"Liat video ini sambil goreng dorokdok sendiri buat dijual di warung sendiri sama mie ayam alhamdulilah berkah ya alloh karaos nuhun,sukses ka bandar dorokdok pokonamah aamiin"
https://yt3.ggpht.com/CKYKMt4KTj_Z0-mLiVWBGlFneNJDqbRCkvTwT0MNZMdkXy2UjhRUG20CQE5c2PN4l7FW0QkGAw=s88-c-k-c0x00ffffff-no-rj,https://www.youtube.com/@Pertamax7-HD,@Pertamax7-HD,5 tahun yang lalu,https://www.youtube.com/watch?v=iLFXv67rkmw&lc=UgxQov28DiEVuoxVOfZ4AaABAg,Menyimak reviewnya
https://yt3.ggpht.com/ytc/AIdro_l-ghA-fxEERkiY2DNpj6u2ijCEdVRtjTugxLPj-AI=s88-c-k-c0x00ffffff-no-rj,https://www.youtube.com/@williemhendra9064,@williemhendra9064,5 tahun yang lalu,https://www.youtube.com/watch?v=iLFXv67rkmw&lc=UgzBNgcl1pcZ70x8MHV4AaABAg,"Kalau dilihat dari cara pembuatannya memang sedikit jorok, kalau sudah jadi sih ngak. Sehat selalu,Rejeki selalu dari Tuhan. Saya sangat suka kerupuk kulit.. ^_^"""
https://yt3.ggpht.com/ytc/AIdro_kC4Zax-8ab28yA2XyWb1PhzvY04TqL4Wo6xdRDQw6Ugw=s88-c-k-c0x00ffffff-no-rj,https://www.youtube.com/@arifratimor3553,@arifratimor3553,4 tahun yang lalu,https://www.youtube.com/watch?v=iLFXv67rkmw&lc=UgxCYzx-b02cxDHjCOp4AaABAg,Sehat Selalu bapak Ô∏è
,https://www.youtube.com/@reestyavril16,@reestyavril16,4 tahun yang lalu,https://www.youtube.com/watch?v=iLFXv67rkmw&lc=UgwWAfi_u1cZUNQpurF4AaABAg,"Bangga jd urang Garut Ô∏è
Meskipun skrg tinggal d Nias Sumut ikut suami"
,https://www.youtube.com/@achmadachmad4099,@achmadachmad4099,5 tahun yang lalu,https://www.youtube.com/watch?v=iLFXv67rkmw&lc=UgwA4476V2LBPJI9EsN4AaABAg,Butuh Proses pembuatan yang cukup panjang untuk sebuah kerupuk. sehat selalu pak.
,https://www.youtube.com/@niinanunanii119,@niinanunanii119,5 tahun yang lalu,https://www.youtube.com/watch?v=iLFXv67rkmw&lc=Ugw5JAqzoSCk9-VhTFl4AaABAg,semangatt bapak..sehat selalu..semoga rejekinya selalu berlimpah....aamiin
,https://www.youtube.com/@presiliahafizkhamil2281,@presiliahafizkhamil2281,5 tahun yang lalu,https://www.youtube.com/watch?v=iLFXv67rkmw&lc=UgwooSG5gq-BnOWFMwB4AaABAg,Tangerang hadir.
,https://www.youtube.com/@reybatuajisukmo7391,@reybatuajisukmo7391,3 tahun yang lalu,https://www.youtube.com/watch?v=iLFXv67rkmw&lc=UgzAVRQKw23m9o-34vl4AaABAg,Apa cuma gw yg nonton ini sambil makan DROKDOK baru plg dari tasik
,https://www.youtube.com/@radenkliwon8801,@radenkliwon8801,5 tahun yang lalu,https://www.youtube.com/watch?v=iLFXv67rkmw&lc=Ugwp5kuhVn9dyuPOmwN4AaABAg,"Disini. (SURAKARTA)  namanya RAMBAK....
ada yang DISAYUR dulu ...ada yang langsung dikonsumsi langsung seperti  KRUPUK"
,https://www.youtube.com/@azizxandria1606,@azizxandria1606,5 tahun yang lalu,https://www.youtube.com/watch?v=iLFXv67rkmw&lc=Ugzd0uBlZ88cXbG6Ao54AaABAg,Dorokdok euy..
,https://www.youtube.com/@alamtea5183,@alamtea5183,5 tahun yang lalu,https://www.youtube.com/watch?v=iLFXv67rkmw&lc=UgzXO4xu66oZMGTAKcx4AaABAg,Dorokdok kerupuk kulit ngajedog t boga duit
,https://www.youtube.com/@m.rezkaermanda2560,@m.rezkaermanda2560,5 tahun yang lalu,https://www.youtube.com/watch?v=iLFXv67rkmw&lc=Ugzn-WwVBLquFxb4P9B4AaABAg,Kalau di Bukittinggi ini namanya kerupuk jangek
,https://www.youtube.com/@bachtiarpratama8873,@bachtiarpratama8873,5 tahun yang lalu,https://www.youtube.com/watch?v=iLFXv67rkmw&lc=UgxN--VCulP6RVEc3OJ4AaABAg,Industri Pengolahan Kulit baik itu sandang dan pangan di Kel.Sukaregang Kec. Garut Kota Kab.Garut
,https://www.youtube.com/@komenkkamarudin5451,@komenkkamarudin5451,1 tahun yang lalu,https://www.youtube.com/watch?v=iLFXv67rkmw&lc=Ugyj02m3oXPraoFYxAZ4AaABAg&pp=0gcJCSMANpG00pGi,hadir kawan
,https://www.youtube.com/@RikiMilanOfficial,@RikiMilanOfficial,5 tahun yang lalu,https://www.youtube.com/watch?v=iLFXv67rkmw&lc=Ugzq_fVzR1FJ_5JEzzV4AaABAg,Mantapppppppppppp
,https://www.youtube.com/@ch.mellzyaa,@ch.mellzyaa,5 tahun yang lalu,https://www.youtube.com/watch?v=iLFXv67rkmw&lc=UgxUX58iCgNq30k5fsN4AaABAg,Wah garut...swiss van java euy
https://yt3.ggpht.com/ytc/AIdro_mH4MaaUbrigbuQTejwoLnNzLSR2p7w5SpcxUm-2Ew=s88-c-k-c0x00ffffff-no-rj,https://www.youtube.com/@reestyavril16,@reestyavril16,4 tahun yang lalu,https://www.youtube.com/watch?v=iLFXv67rkmw&lc=UgwWAfi_u1cZUNQpurF4AaABAg,"Bangga jd urang Garut Ô∏è
Meskipun skrg tinggal d Nias Sumut ikut suami"
https://yt3.ggpht.com/ytc/AIdro_l2czWtwhITh6GFFAmo7aX6w06jWiPWjcC7Mw6lzIbFL4w=s88-c-k-c0x00ffffff-no-rj,https://www.youtube.com/@achmadachmad4099,@achmadachmad4099,5 tahun yang lalu,https://www.youtube.com/watch?v=iLFXv67rkmw&lc=UgwA4476V2LBPJI9EsN4AaABAg,Butuh Proses pembuatan yang cukup panjang untuk sebuah kerupuk. sehat selalu pak.
https://yt3.ggpht.com/EKl8QdzA6z6ncQZv21N6BEX-2LE1Z729FzSyjVU3LCYLApSs9rtmyHr0tKjdcJQobcscwAo1l_M=s88-c-k-c0x00ffffff-no-rj,https://www.youtube.com/@niinanunanii119,@niinanunanii119,5 tahun yang lalu,https://www.youtube.com/watch?v=iLFXv67rkmw&lc=Ugw5JAqzoSCk9-VhTFl4AaABAg,semangatt bapak..sehat selalu..semoga rejekinya selalu berlimpah....aamiin
https://yt3.ggpht.com/ytc/AIdro_ndeMC47_IdiRr3uNj7bUnxdpmIeSUUv4awb6GzJ2E=s88-c-k-c0x00ffffff-no-rj,https://www.youtube.com/@presiliahafizkhamil2281,@presiliahafizkhamil2281,5 tahun yang lalu,https://www.youtube.com/watch?v=iLFXv67rkmw&lc=UgwooSG5gq-BnOWFMwB4AaABAg,Tangerang hadir.
https://yt3.ggpht.com/ECKh0JQmZFBzxhsRsi9UJ1rAZrhM-NymKLWo2Ix3BFZjrH2Dcj6G862VD3jGifmFFPCUJSALBw=s88-c-k-c0x00ffffff-no-rj,https://www.youtube.com/@reybatuajisukmo7391,@reybatuajisukmo7391,3 tahun yang lalu,https://www.youtube.com/watch?v=iLFXv67rkmw&lc=UgzAVRQKw23m9o-34vl4AaABAg,Apa cuma gw yg nonton ini sambil makan DROKDOK baru plg dari tasik
https://yt3.ggpht.com/ytc/AIdro_le6lHDCEF7kv0Ag9_Xc_fVt38Enq7Ln0WI78yKNtw=s88-c-k-c0x00ffffff-no-rj,https://www.youtube.com/@radenkliwon8801,@radenkliwon8801,5 tahun yang lalu,https://www.youtube.com/watch?v=iLFXv67rkmw&lc=Ugwp5kuhVn9dyuPOmwN4AaABAg,"Disini. (SURAKARTA)  namanya RAMBAK....
ada yang DISAYUR dulu ...ada yang langsung dikonsumsi langsung seperti  KRUPUK"
https://yt3.ggpht.com/y5ZpfIyPiu5qkHdEQvMKhLxCtz2t_RVbUwJaQP3XlNH_a2A6AxORh7hRE8cHFsLd9MCeWOwSUw=s88-c-k-c0x00ffffff-no-rj,https://www.youtube.com/@azizxandria1606,@azizxandria1606,5 tahun yang lalu,https://www.youtube.com/watch?v=iLFXv67rkmw&lc=Ugzd0uBlZ88cXbG6Ao54AaABAg,Dorokdok euy..
https://yt3.ggpht.com/ytc/AIdro_lvRE5ngBQnyXbCAyHsdS65Lt9RsgoBZ_gTfGM8rDw=s88-c-k-c0x00ffffff-no-rj,https://www.youtube.com/@alamtea5183,@alamtea5183,5 tahun yang lalu,https://www.youtube.com/watch?v=iLFXv67rkmw&lc=UgzXO4xu66oZMGTAKcx4AaABAg,Dorokdok kerupuk kulit ngajedog t boga duit
https://yt3.ggpht.com/ytc/AIdro_meV9iClt154vPiflmaskO4WJgRJxRGA9OYmpwRFRG9u-4=s88-c-k-c0x00ffffff-no-rj,https://www.youtube.com/@m.rezkaermanda2560,@m.rezkaermanda2560,5 tahun yang lalu,https://www.youtube.com/watch?v=iLFXv67rkmw&lc=Ugzn-WwVBLquFxb4P9B4AaABAg,Kalau di Bukittinggi ini namanya kerupuk jangek
https://yt3.ggpht.com/i3ZeXnN6z0SoLlLvCVVHzQci5H-VzzX36kphRwDyHgMv7IqM3GCCUdmX41DhWKamNaycrntSLw=s88-c-k-c0x00ffffff-no-rj,https://www.youtube.com/@komenkkamarudin5451,@komenkkamarudin5451,1 tahun yang lalu,https://www.youtube.com/watch?v=iLFXv67rkmw&lc=Ugyj02m3oXPraoFYxAZ4AaABAg&pp=0gcJCSMANpG00pGi,hadir kawan
https://yt3.ggpht.com/1_UH64k3Bt7XIyt2VEvMzUCGRXRtkitURf8b80EOL2a1LuBRnDdQZz0b585emAmA2xTIkjUH_g=s88-c-k-c0x00ffffff-no-rj,https://www.youtube.com/@RikiMilanOfficial,@RikiMilanOfficial,5 tahun yang lalu,https://www.youtube.com/watch?v=iLFXv67rkmw&lc=Ugzq_fVzR1FJ_5JEzzV4AaABAg,Mantapppppppppppp
https://yt3.ggpht.com/h3CR_YQV6Qd-lWY4IGemljpk-j8U_bsCyb8qBuYfesKssHkZ01ruh-PzsAYenYZPYKQhi67xFg=s88-c-k-c0x00ffffff-no-rj,https://www.youtube.com/@ch.mellzyaa,@ch.mellzyaa,5 tahun yang lalu,https://www.youtube.com/watch?v=iLFXv67rkmw&lc=UgxUX58iCgNq30k5fsN4AaABAg,Wah garut...swiss van java euy
https://yt3.ggpht.com/ytc/AIdro_kecT-Y_sZK_nitRC6IZzGXUeR1cA6BCg9YX8D4hYo=s88-c-k-c0x00ffffff-no-rj,https://www.youtube.com/@Mohammad-sf1ww,@Mohammad-sf1ww,5 tahun yang lalu,https://www.youtube.com/watch?v=iLFXv67rkmw&lc=UgzE70iXkpPsQMvAXoh4AaABAg,Josss
https://yt3.ggpht.com/VR0WE3WVgaYG9I0TnAkTY92agtQZthW9mcwx8fxjSo_PRMdHlFudsZ8Rt2gggfzoDo2vw8Zo-w=s88-c-k-c0x00ffffff-no-rj,https://www.youtube.com/@gunwino,@gunwino,5 tahun yang lalu,https://www.youtube.com/watch?v=iLFXv67rkmw&lc=UgwF3kv_jWFiSNX_kul4AaABAg,"Bagus..yg pntg hasil..
Merasa tarif ojek online mahal?? Beralihlah ke Ojek Online Anterin atau Maxim..Buktikan Hematnya!!"
https://yt3.ggpht.com/ytc/AIdro_mH9XFh-SlGK00xH8CvOetOtWO-hHOLgbv3l-t3wfU=s88-c-k-c0x00ffffff-no-rj,https://www.youtube.com/@titinmartini5110,@titinmartini5110,5 tahun yang lalu,https://www.youtube.com/watch?v=iLFXv67rkmw&lc=Ugzq6YPWGSl4j58lDEp4AaABAg,Kl di jogja krupuk rambak namanya
https://yt3.ggpht.com/ytc/AIdro_lrpx8-C1qDgduO3qsOsrXyyO0UXufMbZbhHdyRxybceQ0=s88-c-k-c0x00ffffff-no-rj,https://www.youtube.com/@RizzODhan,@RizzODhan,5 tahun yang lalu,https://www.youtube.com/watch?v=iLFXv67rkmw&lc=UgwqOFnnFiOFr2d75wZ4AaABAg,E U Y
https://yt3.ggpht.com/6AsAWKfdnvjH4D3SG1YWPXA5ZtyHe67Et0eGDs0C0U8zZD-VxqquU6NrZxPz7E-dIjSDZVnYtg=s88-c-k-c0x00ffffff-no-rj,https://www.youtube.com/@haniefa2269,@haniefa2269,5 tahun yang lalu,https://www.youtube.com/watch?v=iLFXv67rkmw&lc=UgyVzzDIzoseknDVEIN4AaABAg,Dorok dok pak benu
,https://www.youtube.com/@riniypawitra5101,@riniypawitra5101,4 tahun yang lalu,https://www.youtube.com/watch?v=iLFXv67rkmw&lc=UgzAiw3ZHoWMW6tRG3J4AaABAg,Dorokdok jugaa bisaa di campurr denggan gudeg
,https://www.youtube.com/@sanawati7816,@sanawati7816,5 tahun yang lalu,https://www.youtube.com/watch?v=iLFXv67rkmw&lc=UgxpI7m1MfIjY2ecCF14AaABAg,Karupuk!!!
,https://www.youtube.com/@dadangsutisna3460,@dadangsutisna3460,4 tahun yang lalu,https://www.youtube.com/watch?v=iLFXv67rkmw&lc=UgwbgoWGw_RkabbHoCt4AaABAg,Asslkm kang kalau jeruk Garut masih ada
,https://www.youtube.com/@reynaldihendarto,@reynaldihendarto,5 tahun yang lalu,https://www.youtube.com/watch?v=iLFXv67rkmw&lc=UgwD7XHKOlzS28dS-e94AaABAg,rambakk
,https://www.youtube.com/@sanawati7816,@sanawati7816,5 tahun yang lalu,https://www.youtube.com/watch?v=iLFXv67rkmw&lc=Ugz-uEzfF5AxRyboOmh4AaABAg,Prosesny tk smudah makannya
,https://www.youtube.com/@musliminamir5379,@musliminamir5379,2 tahun yang lalu,https://www.youtube.com/watch?v=iLFXv67rkmw&lc=UgyevlCTvHYv-13oRVZ4AaABAg,Tolong bisa mimta no tlpn nya kah
,https://www.youtube.com/@rikaaditia3362,@rikaaditia3362,4 tahun yang lalu,https://www.youtube.com/watch?v=iLFXv67rkmw&lc=UgyfWKbTiGwr50Du4754AaABAg,Kirimin dong pak 1kg brapa ya
,https://www.youtube.com/@sultankalanhka6963,@sultankalanhka6963,2 tahun yang lalu,https://www.youtube.com/watch?v=iLFXv67rkmw&lc=Ugxtvo3JpuaMZBlN47t4AaABAg,Cuma bingung aja.. uda dikeringkan ehh direndem lagi biar lembek.. trus di jemur biar kering lagi.. kok gitu? Knp ga langsung?
,https://www.youtube.com/@thunderbolt6396,@thunderbolt6396,5 tahun yang lalu,https://www.youtube.com/watch?v=iLFXv67rkmw&lc=UgwZ6CB4jnQ9G9sr06N4AaABAg,P
,https://www.youtube.com/@dewawahyu6414,@dewawahyu6414,5 tahun yang lalu,https://www.youtube.com/watch?v=iLFXv67rkmw&lc=UgxNPulaJ8nbV637rjB4AaABAg,Jadi inget film perempuan tanah jahanam
,https://www.youtube.com/@Tasikmalaya77,@Tasikmalaya77,5 tahun yang lalu,https://www.youtube.com/watch?v=iLFXv67rkmw&lc=Ugx_-b1L5r3FJ72_h254AaABAg,Sama lah y beda bentuk aj
,https://www.youtube.com/@lurahbismanyangterhormat3062,@lurahbismanyangterhormat3062,5 tahun yang lalu,https://www.youtube.com/watch?v=iLFXv67rkmw&lc=Ugz4FcNw64BESodTCZ94AaABAg,Menta atuh
,https://www.youtube.com/@DadangGunawan-oc5lw,@DadangGunawan-oc5lw,3 bulan yang lalu,https://www.youtube.com/watch?v=iLFXv67rkmw&lc=UgwxlTXdmvyYTMdGXJZ4AaABAg&pp=0gcJCSMANpG00pGi,BNg boleh mint nomer bang nandang
,https://www.youtube.com/@fjlesmana,@fjlesmana,4 tahun yang lalu,https://www.youtube.com/watch?v=iLFXv67rkmw&lc=UgzjWVRnyAw8iAmpUVZ4AaABAg&pp=0gcJCSMANpG00pGi,"Klo krupuk kulit yg ga mekar keras katanya dri sisa potongan kulit jaket, bener apa kagak?"
